owner_id,owner_first_name,owner_last_name,owner_email,owner_phone,owner_address,dog_id,dog_name,dog_breed,dog_age,dog_gender,order_id,order_date,product_id,quantity,subtotal,product_name,product_price,product_description,transaction_id,veterinarian_id,veterinarian_first_name,veterinarian_last_name,veterinarian_specialization,veterinarian_contact,appointment_id,appointment_date,appointment_purpose
d2fea624-dcdf-4bfc-a752-d2da7e16f57d,Édouard,Gaillard,édouard.gaillard@gmail.com,01 39 34 41 53,"906, chemin Petit
68812 Philippe-la-Forêt",f975fb0d-5585-4089-816b-386b76530bdd,Ella,Rottweiler,88,Female,37a9533d-71a5-40f5-8d97-1705cd3f53ae,2023-11-24,25,5,99.95,Dog Backpack,19.99,Backpack for dogs to carry essentials on walks,37a9533d-71a5-40f5-8d97-1705cd3f53ae_20210506213848,664eb993-6f29-40ff-96ea-d2422d1262a8,Margaux,Courtois,soumettre,+33 3 62 12 09 71,98cc702f-3507-42b9-a226-52745032c126,2024-02-29,Désormais rue quart.
d2fea624-dcdf-4bfc-a752-d2da7e16f57d,Édouard,Gaillard,édouard.gaillard@gmail.com,01 39 34 41 53,"906, chemin Petit
68812 Philippe-la-Forêt",f975fb0d-5585-4089-816b-386b76530bdd,Ella,Rottweiler,88,Female,37a9533d-71a5-40f5-8d97-1705cd3f53ae,2023-11-24,28,7,118.93,Dog Puzzle Toy,16.99,Brain-stimulating puzzle toy for dogs,37a9533d-71a5-40f5-8d97-1705cd3f53ae_20201218085113,664eb993-6f29-40ff-96ea-d2422d1262a8,Margaux,Courtois,soumettre,+33 3 62 12 09 71,98cc702f-3507-42b9-a226-52745032c126,2024-02-29,Désormais rue quart.
d2fea624-dcdf-4bfc-a752-d2da7e16f57d,Édouard,Gaillard,édouard.gaillard@gmail.com,01 39 34 41 53,"906, chemin Petit
68812 Philippe-la-Forêt",f975fb0d-5585-4089-816b-386b76530bdd,Ella,Rottweiler,88,Female,37a9533d-71a5-40f5-8d97-1705cd3f53ae,2023-11-24,25,8,159.92,Dog Backpack,19.99,Backpack for dogs to carry essentials on walks,37a9533d-71a5-40f5-8d97-1705cd3f53ae_20210719192814,664eb993-6f29-40ff-96ea-d2422d1262a8,Margaux,Courtois,soumettre,+33 3 62 12 09 71,98cc702f-3507-42b9-a226-52745032c126,2024-02-29,Désormais rue quart.
d2fea624-dcdf-4bfc-a752-d2da7e16f57d,Édouard,Gaillard,édouard.gaillard@gmail.com,01 39 34 41 53,"906, chemin Petit
68812 Philippe-la-Forêt",f975fb0d-5585-4089-816b-386b76530bdd,Ella,Rottweiler,88,Female,37a9533d-71a5-40f5-8d97-1705cd3f53ae,2023-11-24,29,5,54.95,Dog Dental Spray,10.99,Oral hygiene dental spray for dogs,37a9533d-71a5-40f5-8d97-1705cd3f53ae_20210305200405,664eb993-6f29-40ff-96ea-d2422d1262a8,Margaux,Courtois,soumettre,+33 3 62 12 09 71,98cc702f-3507-42b9-a226-52745032c126,2024-02-29,Désormais rue quart.
f0bd19d1-bb10-409a-bb62-65228b5cd9aa,Luc,Lemaître,luc.lemaître@gmail.com,0296369557,"43, rue Clémence Fontaine
57856 Morel",b6c8fbe5-9e3a-437f-8413-c76b8252d58c,Rosie,Rottweiler,64,Female,f1d86c45-8afe-471b-bf2e-a70134658ccb,2024-01-14,25,9,179.91,Dog Backpack,19.99,Backpack for dogs to carry essentials on walks,f1d86c45-8afe-471b-bf2e-a70134658ccb_20201126154002,2144a000-6632-42cb-be4f-f1f3150a61ab,Arthur,Tanguy,désirer,+33 (0)4 78 50 48 41,54843e37-7278-4a73-91a5-08fac494d2b6,2024-02-22,Patron réflexion carte hésiter déchirer faire hôtel.
f0bd19d1-bb10-409a-bb62-65228b5cd9aa,Luc,Lemaître,luc.lemaître@gmail.com,0296369557,"43, rue Clémence Fontaine
57856 Morel",b6c8fbe5-9e3a-437f-8413-c76b8252d58c,Rosie,Rottweiler,64,Female,f1d86c45-8afe-471b-bf2e-a70134658ccb,2024-01-14,1,1,20.99,Dog Food,20.99,High-quality dog food,f1d86c45-8afe-471b-bf2e-a70134658ccb_20231016005130,2144a000-6632-42cb-be4f-f1f3150a61ab,Arthur,Tanguy,désirer,+33 (0)4 78 50 48 41,54843e37-7278-4a73-91a5-08fac494d2b6,2024-02-22,Patron réflexion carte hésiter déchirer faire hôtel.
f0bd19d1-bb10-409a-bb62-65228b5cd9aa,Luc,Lemaître,luc.lemaître@gmail.com,0296369557,"43, rue Clémence Fontaine
57856 Morel",b6c8fbe5-9e3a-437f-8413-c76b8252d58c,Rosie,Rottweiler,64,Female,f1d86c45-8afe-471b-bf2e-a70134658ccb,2024-01-14,31,7,101.43,Dog Grooming Gloves,14.49,Gentle grooming gloves for dogs,f1d86c45-8afe-471b-bf2e-a70134658ccb_20201114005030,2144a000-6632-42cb-be4f-f1f3150a61ab,Arthur,Tanguy,désirer,+33 (0)4 78 50 48 41,54843e37-7278-4a73-91a5-08fac494d2b6,2024-02-22,Patron réflexion carte hésiter déchirer faire hôtel.
f0bd19d1-bb10-409a-bb62-65228b5cd9aa,Luc,Lemaître,luc.lemaître@gmail.com,0296369557,"43, rue Clémence Fontaine
57856 Morel",b6c8fbe5-9e3a-437f-8413-c76b8252d58c,Rosie,Rottweiler,64,Female,f1d86c45-8afe-471b-bf2e-a70134658ccb,2024-01-14,26,2,15.98,Dog Frisbee,7.99,Durable frisbee for outdoor play,f1d86c45-8afe-471b-bf2e-a70134658ccb_20220324111913,2144a000-6632-42cb-be4f-f1f3150a61ab,Arthur,Tanguy,désirer,+33 (0)4 78 50 48 41,54843e37-7278-4a73-91a5-08fac494d2b6,2024-02-22,Patron réflexion carte hésiter déchirer faire hôtel.
b5dff1ce-3546-45cd-ae69-8e0a2ccd852e,Zoé,Letellier,zoé.letellier@outlook.com,06 35 97 15 50,"rue de Nguyen
68250 Boyer",881e7c95-ff5f-4937-b7ff-d8fb2e0f1a50,Oliver,Poodle,107,Male,38372b2c-44ff-41bf-b547-643974679ddf,2023-10-23,19,5,79.95,Dog Sunglasses,15.99,UV-protective sunglasses for dogs,38372b2c-44ff-41bf-b547-643974679ddf_20221111230655,43b84751-7747-442a-939f-cc357e73e692,Thibaut,Bazin,repousser,+33 4 90 95 75 68,1f80b473-98d6-4bfa-99a7-ec8a65a4f2e3,2024-02-06,Fait préparer projet marier bien tout.
b5dff1ce-3546-45cd-ae69-8e0a2ccd852e,Zoé,Letellier,zoé.letellier@outlook.com,06 35 97 15 50,"rue de Nguyen
68250 Boyer",881e7c95-ff5f-4937-b7ff-d8fb2e0f1a50,Oliver,Poodle,107,Male,38372b2c-44ff-41bf-b547-643974679ddf,2023-10-23,16,4,75.96,Reflective Dog Harness,18.99,Reflective harness for night walks,38372b2c-44ff-41bf-b547-643974679ddf_20200601085758,43b84751-7747-442a-939f-cc357e73e692,Thibaut,Bazin,repousser,+33 4 90 95 75 68,1f80b473-98d6-4bfa-99a7-ec8a65a4f2e3,2024-02-06,Fait préparer projet marier bien tout.
b5dff1ce-3546-45cd-ae69-8e0a2ccd852e,Zoé,Letellier,zoé.letellier@outlook.com,06 35 97 15 50,"rue de Nguyen
68250 Boyer",881e7c95-ff5f-4937-b7ff-d8fb2e0f1a50,Oliver,Poodle,107,Male,38372b2c-44ff-41bf-b547-643974679ddf,2023-10-23,11,1,6.99,Dog Ball,6.99,Fetch and play ball,38372b2c-44ff-41bf-b547-643974679ddf_20230602050532,43b84751-7747-442a-939f-cc357e73e692,Thibaut,Bazin,repousser,+33 4 90 95 75 68,1f80b473-98d6-4bfa-99a7-ec8a65a4f2e3,2024-02-06,Fait préparer projet marier bien tout.
b5dff1ce-3546-45cd-ae69-8e0a2ccd852e,Zoé,Letellier,zoé.letellier@outlook.com,06 35 97 15 50,"rue de Nguyen
68250 Boyer",881e7c95-ff5f-4937-b7ff-d8fb2e0f1a50,Oliver,Poodle,107,Male,38372b2c-44ff-41bf-b547-643974679ddf,2023-10-23,12,3,104.97,Dog Crate,34.99,Secure dog crate,38372b2c-44ff-41bf-b547-643974679ddf_20210704043442,43b84751-7747-442a-939f-cc357e73e692,Thibaut,Bazin,repousser,+33 4 90 95 75 68,1f80b473-98d6-4bfa-99a7-ec8a65a4f2e3,2024-02-06,Fait préparer projet marier bien tout.
dd6f08a8-0100-4015-a176-15c0051830de,Agathe,Mendès,agathe.mendès@outlook.com,03 27 48 45 48,"85, boulevard Pichon
46276 Moulin",911b5243-dd3b-4738-aad0-d894c6b375de,Missy,French Bulldog,80,Female,2623e7c7-4fe3-4479-b1ca-ac0c382b1f59,2023-11-11,15,5,249.95,Dog GPS Tracker,49.99,GPS tracker for dogs,2623e7c7-4fe3-4479-b1ca-ac0c382b1f59_20230602053425,e1e3b4cf-3069-4f0c-8234-95f2268edd95,Danielle,Lebrun,rôle,+33 (0)6 30 74 81 50,4a426ef9-53d5-4058-9024-3708c9aff42e,2024-02-29,Mort rouler lisser jeter tête sujet.
dd6f08a8-0100-4015-a176-15c0051830de,Agathe,Mendès,agathe.mendès@outlook.com,03 27 48 45 48,"85, boulevard Pichon
46276 Moulin",911b5243-dd3b-4738-aad0-d894c6b375de,Missy,French Bulldog,80,Female,2623e7c7-4fe3-4479-b1ca-ac0c382b1f59,2023-11-11,15,8,399.92,Dog GPS Tracker,49.99,GPS tracker for dogs,2623e7c7-4fe3-4479-b1ca-ac0c382b1f59_20220529034407,e1e3b4cf-3069-4f0c-8234-95f2268edd95,Danielle,Lebrun,rôle,+33 (0)6 30 74 81 50,4a426ef9-53d5-4058-9024-3708c9aff42e,2024-02-29,Mort rouler lisser jeter tête sujet.
dd6f08a8-0100-4015-a176-15c0051830de,Agathe,Mendès,agathe.mendès@outlook.com,03 27 48 45 48,"85, boulevard Pichon
46276 Moulin",911b5243-dd3b-4738-aad0-d894c6b375de,Missy,French Bulldog,80,Female,2623e7c7-4fe3-4479-b1ca-ac0c382b1f59,2023-11-11,8,9,179.91,Puppy Training Pads,19.99,Absorbent training pads,2623e7c7-4fe3-4479-b1ca-ac0c382b1f59_20200122054458,e1e3b4cf-3069-4f0c-8234-95f2268edd95,Danielle,Lebrun,rôle,+33 (0)6 30 74 81 50,4a426ef9-53d5-4058-9024-3708c9aff42e,2024-02-29,Mort rouler lisser jeter tête sujet.
dd6f08a8-0100-4015-a176-15c0051830de,Agathe,Mendès,agathe.mendès@outlook.com,03 27 48 45 48,"85, boulevard Pichon
46276 Moulin",911b5243-dd3b-4738-aad0-d894c6b375de,Missy,French Bulldog,80,Female,2623e7c7-4fe3-4479-b1ca-ac0c382b1f59,2023-11-11,26,6,47.94,Dog Frisbee,7.99,Durable frisbee for outdoor play,2623e7c7-4fe3-4479-b1ca-ac0c382b1f59_20200920035049,e1e3b4cf-3069-4f0c-8234-95f2268edd95,Danielle,Lebrun,rôle,+33 (0)6 30 74 81 50,4a426ef9-53d5-4058-9024-3708c9aff42e,2024-02-29,Mort rouler lisser jeter tête sujet.
578da213-c699-4157-9f03-469988bbd7f3,Arnaude,Marion,arnaude.marion@outlook.com,+33 (0)2 46 91 00 87,"chemin Guy Pruvost
51892 Piresdan",42c00700-b3e1-458e-8bf0-2cf74f502fe8,Bailey,Australian Shepherd,65,Female,e5346c84-fdbc-4867-8a75-e29961b81ee7,2023-12-09,30,2,10.98,Dog Poop Bags,5.49,Biodegradable poop bags for easy cleanup,e5346c84-fdbc-4867-8a75-e29961b81ee7_20211008150351,681f9dbf-3e82-4826-817e-a95f2b0565d0,Inès,Texier,céder,05 61 27 43 69,32f7432c-865b-475f-9042-0fae5c102ed4,2024-02-14,Conclure rentrer témoin surveiller.
578da213-c699-4157-9f03-469988bbd7f3,Arnaude,Marion,arnaude.marion@outlook.com,+33 (0)2 46 91 00 87,"chemin Guy Pruvost
51892 Piresdan",42c00700-b3e1-458e-8bf0-2cf74f502fe8,Bailey,Australian Shepherd,65,Female,e5346c84-fdbc-4867-8a75-e29961b81ee7,2023-12-09,24,5,149.95,Dog Harness with Leash,29.99,Adjustable harness with matching leash,e5346c84-fdbc-4867-8a75-e29961b81ee7_20200222104033,681f9dbf-3e82-4826-817e-a95f2b0565d0,Inès,Texier,céder,05 61 27 43 69,32f7432c-865b-475f-9042-0fae5c102ed4,2024-02-14,Conclure rentrer témoin surveiller.
578da213-c699-4157-9f03-469988bbd7f3,Arnaude,Marion,arnaude.marion@outlook.com,+33 (0)2 46 91 00 87,"chemin Guy Pruvost
51892 Piresdan",42c00700-b3e1-458e-8bf0-2cf74f502fe8,Bailey,Australian Shepherd,65,Female,e5346c84-fdbc-4867-8a75-e29961b81ee7,2023-12-09,32,2,45.98,Dog Cooling Mat,22.99,Cooling mat for hot days,e5346c84-fdbc-4867-8a75-e29961b81ee7_20211110190801,681f9dbf-3e82-4826-817e-a95f2b0565d0,Inès,Texier,céder,05 61 27 43 69,32f7432c-865b-475f-9042-0fae5c102ed4,2024-02-14,Conclure rentrer témoin surveiller.
578da213-c699-4157-9f03-469988bbd7f3,Arnaude,Marion,arnaude.marion@outlook.com,+33 (0)2 46 91 00 87,"chemin Guy Pruvost
51892 Piresdan",42c00700-b3e1-458e-8bf0-2cf74f502fe8,Bailey,Australian Shepherd,65,Female,e5346c84-fdbc-4867-8a75-e29961b81ee7,2023-12-09,18,7,59.43,Squeaky Plush Toy,8.49,Cute squeaky plush toy for dogs,e5346c84-fdbc-4867-8a75-e29961b81ee7_20200131111314,681f9dbf-3e82-4826-817e-a95f2b0565d0,Inès,Texier,céder,05 61 27 43 69,32f7432c-865b-475f-9042-0fae5c102ed4,2024-02-14,Conclure rentrer témoin surveiller.
e64eecb3-1670-4c6b-b553-76c79d628e5d,Amélie,Rossi,amélie.rossi@gmail.com,+33 (0)2 97 01 62 18,"4, boulevard Robert
19931 Guilbert",cfe4f3f5-2915-4637-b29a-d11c63f652b6,Jackson,Shetland Sheepdog,64,Male,4237d4ef-c34a-4a15-a6b1-9cdfe5e685bb,2024-01-20,24,7,209.93,Dog Harness with Leash,29.99,Adjustable harness with matching leash,4237d4ef-c34a-4a15-a6b1-9cdfe5e685bb_20211127065114,a13e1369-e539-4fa0-b9b9-d129f1d3770f,Gabriel,Da Silva,dent,0695776491,31e923d6-0a4f-4ba1-b1ea-fcff1639b25c,2024-02-15,Situation verre contenir puis fine combat.
e64eecb3-1670-4c6b-b553-76c79d628e5d,Amélie,Rossi,amélie.rossi@gmail.com,+33 (0)2 97 01 62 18,"4, boulevard Robert
19931 Guilbert",cfe4f3f5-2915-4637-b29a-d11c63f652b6,Jackson,Shetland Sheepdog,64,Male,4237d4ef-c34a-4a15-a6b1-9cdfe5e685bb,2024-01-20,17,6,149.94,Dog Raincoat,24.99,Water-resistant dog raincoat,4237d4ef-c34a-4a15-a6b1-9cdfe5e685bb_20200729144506,a13e1369-e539-4fa0-b9b9-d129f1d3770f,Gabriel,Da Silva,dent,0695776491,31e923d6-0a4f-4ba1-b1ea-fcff1639b25c,2024-02-15,Situation verre contenir puis fine combat.
175f8bd1-d16f-4e3c-aff8-698658a444c8,Camille,Rolland,camille.rolland@gmail.com,+33 5 55 32 85 90,"66, avenue Roland Klein
63515 Boucher",9d145196-eda2-494b-a51a-bcf7fe9d4987,Missy,Great Dane,62,Female,8becb806-9c45-4336-b670-01c992b6994b,2024-01-04,35,10,114.9,Dog Ear Cleaner,11.49,Gentle ear cleaner solution for dogs,8becb806-9c45-4336-b670-01c992b6994b_20210418091600,fde24496-fcd5-4f0c-a24e-5f7be2516678,Marc,Lévêque,entraîner,06 57 93 50 01,5e0231aa-95ef-44e1-b4ac-0670e0f6d5b5,2024-03-04,Poète danger amour moyen.
175f8bd1-d16f-4e3c-aff8-698658a444c8,Camille,Rolland,camille.rolland@gmail.com,+33 5 55 32 85 90,"66, avenue Roland Klein
63515 Boucher",9d145196-eda2-494b-a51a-bcf7fe9d4987,Missy,Great Dane,62,Female,8becb806-9c45-4336-b670-01c992b6994b,2024-01-04,21,6,77.94,Portable Dog Water Bottle,12.99,Convenient water bottle for dogs on the go,8becb806-9c45-4336-b670-01c992b6994b_20201224053013,fde24496-fcd5-4f0c-a24e-5f7be2516678,Marc,Lévêque,entraîner,06 57 93 50 01,5e0231aa-95ef-44e1-b4ac-0670e0f6d5b5,2024-03-04,Poète danger amour moyen.
175f8bd1-d16f-4e3c-aff8-698658a444c8,Camille,Rolland,camille.rolland@gmail.com,+33 5 55 32 85 90,"66, avenue Roland Klein
63515 Boucher",9d145196-eda2-494b-a51a-bcf7fe9d4987,Missy,Great Dane,62,Female,8becb806-9c45-4336-b670-01c992b6994b,2024-01-04,26,6,47.94,Dog Frisbee,7.99,Durable frisbee for outdoor play,8becb806-9c45-4336-b670-01c992b6994b_20220221170357,fde24496-fcd5-4f0c-a24e-5f7be2516678,Marc,Lévêque,entraîner,06 57 93 50 01,5e0231aa-95ef-44e1-b4ac-0670e0f6d5b5,2024-03-04,Poète danger amour moyen.
175f8bd1-d16f-4e3c-aff8-698658a444c8,Camille,Rolland,camille.rolland@gmail.com,+33 5 55 32 85 90,"66, avenue Roland Klein
63515 Boucher",9d145196-eda2-494b-a51a-bcf7fe9d4987,Missy,Great Dane,62,Female,8becb806-9c45-4336-b670-01c992b6994b,2024-01-04,1,5,104.95,Dog Food,20.99,High-quality dog food,8becb806-9c45-4336-b670-01c992b6994b_20211230060903,fde24496-fcd5-4f0c-a24e-5f7be2516678,Marc,Lévêque,entraîner,06 57 93 50 01,5e0231aa-95ef-44e1-b4ac-0670e0f6d5b5,2024-03-04,Poète danger amour moyen.
175f8bd1-d16f-4e3c-aff8-698658a444c8,Camille,Rolland,camille.rolland@gmail.com,+33 5 55 32 85 90,"66, avenue Roland Klein
63515 Boucher",9d145196-eda2-494b-a51a-bcf7fe9d4987,Missy,Great Dane,62,Female,8becb806-9c45-4336-b670-01c992b6994b,2024-01-04,6,5,79.95,Dog Shampoo,15.99,Gentle dog shampoo,8becb806-9c45-4336-b670-01c992b6994b_20211117203909,fde24496-fcd5-4f0c-a24e-5f7be2516678,Marc,Lévêque,entraîner,06 57 93 50 01,5e0231aa-95ef-44e1-b4ac-0670e0f6d5b5,2024-03-04,Poète danger amour moyen.
cb274605-a639-4575-8cf6-90b7b00f576f,Louis,Loiseau,louis.loiseau@outlook.com,0472061891,"86, boulevard de Étienne
60735 François",5554722d-6f74-47e1-b6a7-4293e521c40f,Marley,Poodle,72,Female,4ef3c7d6-6923-48b8-9b22-83edd97f8a2b,2023-12-02,17,7,174.93,Dog Raincoat,24.99,Water-resistant dog raincoat,4ef3c7d6-6923-48b8-9b22-83edd97f8a2b_20220622201649,249586ac-1e79-41fc-a22d-ba52298776e4,Sylvie,Blanchet,frapper,0567871973,1c148e08-3dda-4d66-bdc3-68f328d76a45,2024-02-25,Bas titre fleur pièce.
cb274605-a639-4575-8cf6-90b7b00f576f,Louis,Loiseau,louis.loiseau@outlook.com,0472061891,"86, boulevard de Étienne
60735 François",5554722d-6f74-47e1-b6a7-4293e521c40f,Marley,Poodle,72,Female,4ef3c7d6-6923-48b8-9b22-83edd97f8a2b,2023-12-02,30,2,10.98,Dog Poop Bags,5.49,Biodegradable poop bags for easy cleanup,4ef3c7d6-6923-48b8-9b22-83edd97f8a2b_20220313120713,249586ac-1e79-41fc-a22d-ba52298776e4,Sylvie,Blanchet,frapper,0567871973,1c148e08-3dda-4d66-bdc3-68f328d76a45,2024-02-25,Bas titre fleur pièce.
cb274605-a639-4575-8cf6-90b7b00f576f,Louis,Loiseau,louis.loiseau@outlook.com,0472061891,"86, boulevard de Étienne
60735 François",5554722d-6f74-47e1-b6a7-4293e521c40f,Marley,Poodle,72,Female,4ef3c7d6-6923-48b8-9b22-83edd97f8a2b,2023-12-02,26,10,79.9,Dog Frisbee,7.99,Durable frisbee for outdoor play,4ef3c7d6-6923-48b8-9b22-83edd97f8a2b_20200411054053,249586ac-1e79-41fc-a22d-ba52298776e4,Sylvie,Blanchet,frapper,0567871973,1c148e08-3dda-4d66-bdc3-68f328d76a45,2024-02-25,Bas titre fleur pièce.
cb274605-a639-4575-8cf6-90b7b00f576f,Louis,Loiseau,louis.loiseau@outlook.com,0472061891,"86, boulevard de Étienne
60735 François",5554722d-6f74-47e1-b6a7-4293e521c40f,Marley,Poodle,72,Female,4ef3c7d6-6923-48b8-9b22-83edd97f8a2b,2023-12-02,14,9,107.91,Dog Dental Chews,11.99,Dental chews for oral health,4ef3c7d6-6923-48b8-9b22-83edd97f8a2b_20230106015136,249586ac-1e79-41fc-a22d-ba52298776e4,Sylvie,Blanchet,frapper,0567871973,1c148e08-3dda-4d66-bdc3-68f328d76a45,2024-02-25,Bas titre fleur pièce.
cb274605-a639-4575-8cf6-90b7b00f576f,Louis,Loiseau,louis.loiseau@outlook.com,0472061891,"86, boulevard de Étienne
60735 François",5554722d-6f74-47e1-b6a7-4293e521c40f,Marley,Poodle,72,Female,4ef3c7d6-6923-48b8-9b22-83edd97f8a2b,2023-12-02,6,10,159.9,Dog Shampoo,15.99,Gentle dog shampoo,4ef3c7d6-6923-48b8-9b22-83edd97f8a2b_20220720013516,249586ac-1e79-41fc-a22d-ba52298776e4,Sylvie,Blanchet,frapper,0567871973,1c148e08-3dda-4d66-bdc3-68f328d76a45,2024-02-25,Bas titre fleur pièce.
a2d2eb1c-dabd-488d-83a7-674346abf391,Maggie,Lefèvre,maggie.lefèvre@gmail.com,05 65 62 03 35,"177, rue Petit
97267 Sainte Cécile",fd27b381-f5f4-491d-960a-b5f27d2c328d,Sasha,Boxer,49,Female,875e7885-1e68-49da-a8dd-abf59bf131a0,2023-11-11,26,9,71.91,Dog Frisbee,7.99,Durable frisbee for outdoor play,875e7885-1e68-49da-a8dd-abf59bf131a0_20210319095750,adcec061-98f4-4206-aee6-68a613afe221,Maurice,Pinto,combat,+33 4 26 12 18 33,84c33d1e-a29e-4318-992a-7913c5881ce9,2024-02-14,Vingt habitant forêt dessus.
a2d2eb1c-dabd-488d-83a7-674346abf391,Maggie,Lefèvre,maggie.lefèvre@gmail.com,05 65 62 03 35,"177, rue Petit
97267 Sainte Cécile",fd27b381-f5f4-491d-960a-b5f27d2c328d,Sasha,Boxer,49,Female,875e7885-1e68-49da-a8dd-abf59bf131a0,2023-11-11,26,7,55.93,Dog Frisbee,7.99,Durable frisbee for outdoor play,875e7885-1e68-49da-a8dd-abf59bf131a0_20240119022138,adcec061-98f4-4206-aee6-68a613afe221,Maurice,Pinto,combat,+33 4 26 12 18 33,84c33d1e-a29e-4318-992a-7913c5881ce9,2024-02-14,Vingt habitant forêt dessus.
a2d2eb1c-dabd-488d-83a7-674346abf391,Maggie,Lefèvre,maggie.lefèvre@gmail.com,05 65 62 03 35,"177, rue Petit
97267 Sainte Cécile",fd27b381-f5f4-491d-960a-b5f27d2c328d,Sasha,Boxer,49,Female,875e7885-1e68-49da-a8dd-abf59bf131a0,2023-11-11,7,9,80.91,Pet Brush,8.99,Soft pet grooming brush,875e7885-1e68-49da-a8dd-abf59bf131a0_20230319084129,adcec061-98f4-4206-aee6-68a613afe221,Maurice,Pinto,combat,+33 4 26 12 18 33,84c33d1e-a29e-4318-992a-7913c5881ce9,2024-02-14,Vingt habitant forêt dessus.
a2d2eb1c-dabd-488d-83a7-674346abf391,Maggie,Lefèvre,maggie.lefèvre@gmail.com,05 65 62 03 35,"177, rue Petit
97267 Sainte Cécile",fd27b381-f5f4-491d-960a-b5f27d2c328d,Sasha,Boxer,49,Female,875e7885-1e68-49da-a8dd-abf59bf131a0,2023-11-11,33,2,7.98,Dog Training Clicker,3.99,Training clicker for positive reinforcement,875e7885-1e68-49da-a8dd-abf59bf131a0_20210930072901,adcec061-98f4-4206-aee6-68a613afe221,Maurice,Pinto,combat,+33 4 26 12 18 33,84c33d1e-a29e-4318-992a-7913c5881ce9,2024-02-14,Vingt habitant forêt dessus.
c7e70310-714d-479c-9160-bd0f9d09ed0a,Sébastien,Gilles,sébastien.gilles@outlook.com,+33 (0)6 98 32 84 05,"5, boulevard de Besnard
58833 Gilbert",85ec0dcd-14b4-4a6b-9584-6a1ce166edc8,Jackson,Australian Cattle Dog,54,Male,2d6964f2-c87f-4a8b-accd-e42fe0a851c9,2023-10-27,7,8,71.92,Pet Brush,8.99,Soft pet grooming brush,2d6964f2-c87f-4a8b-accd-e42fe0a851c9_20210628073027,0f884987-f915-4c89-bacc-ea234bda8bb2,Louise,Diallo,renoncer,+33 1 79 42 00 34,729d8f0d-7d24-4975-83aa-0bac39a270a8,2024-02-25,Lumière inquiéter cesser absence répandre.
c7e70310-714d-479c-9160-bd0f9d09ed0a,Sébastien,Gilles,sébastien.gilles@outlook.com,+33 (0)6 98 32 84 05,"5, boulevard de Besnard
58833 Gilbert",85ec0dcd-14b4-4a6b-9584-6a1ce166edc8,Jackson,Australian Cattle Dog,54,Male,2d6964f2-c87f-4a8b-accd-e42fe0a851c9,2023-10-27,13,10,299.9,Dog Grooming Kit,29.99,Complete grooming kit for dogs,2d6964f2-c87f-4a8b-accd-e42fe0a851c9_20220122053707,0f884987-f915-4c89-bacc-ea234bda8bb2,Louise,Diallo,renoncer,+33 1 79 42 00 34,729d8f0d-7d24-4975-83aa-0bac39a270a8,2024-02-25,Lumière inquiéter cesser absence répandre.
c7e70310-714d-479c-9160-bd0f9d09ed0a,Sébastien,Gilles,sébastien.gilles@outlook.com,+33 (0)6 98 32 84 05,"5, boulevard de Besnard
58833 Gilbert",85ec0dcd-14b4-4a6b-9584-6a1ce166edc8,Jackson,Australian Cattle Dog,54,Male,2d6964f2-c87f-4a8b-accd-e42fe0a851c9,2023-10-27,6,7,111.93,Dog Shampoo,15.99,Gentle dog shampoo,2d6964f2-c87f-4a8b-accd-e42fe0a851c9_20230311233947,0f884987-f915-4c89-bacc-ea234bda8bb2,Louise,Diallo,renoncer,+33 1 79 42 00 34,729d8f0d-7d24-4975-83aa-0bac39a270a8,2024-02-25,Lumière inquiéter cesser absence répandre.
d9f0b450-0619-44d5-b7c0-fdc481ad9f87,Aimée,Brun,aimée.brun@outlook.com,+33 4 90 29 89 18,"23, rue Brigitte Maréchal
71975 Sainte Lorraine",2e2cd49d-5cdb-45ed-bde2-98cbff768e64,Sydney,Border Collie,85,Female,437eab73-de62-4ac3-8d5e-68dbf4468329,2023-12-12,33,1,3.99,Dog Training Clicker,3.99,Training clicker for positive reinforcement,437eab73-de62-4ac3-8d5e-68dbf4468329_20231107145408,1712b6f5-3c8c-4f5c-b62e-82d3fe455907,David,Germain,long,+33 (0)2 52 94 81 92,eace5fc1-2f82-4f5a-9293-3f365b665b0a,2024-02-28,Cour préférer large enlever autre durer.
ed70e333-e01b-4833-96d2-6c4b3d8bce8f,Martine,Nicolas,martine.nicolas@gmail.com,+33 (0)3 58 49 43 73,"58, avenue de Rivière
34869 Sainte Paul-la-Forêt",3da38d3e-e4e2-4423-a5df-397998af09d2,Rufus,Shetland Sheepdog,59,Male,2f0625be-e1eb-4333-9abe-f8f7ed2eb20a,2023-11-10,26,6,47.94,Dog Frisbee,7.99,Durable frisbee for outdoor play,2f0625be-e1eb-4333-9abe-f8f7ed2eb20a_20211022092613,de8b80c8-143e-4dff-80be-3bff153498a9,Astrid,Roy,parler,+33 6 99 94 10 58,d35e68f2-7bc0-4302-979b-20140c43ee88,2024-02-07,Dès profiter rond alors violence coin y.
e0d7735c-2ddd-4c0b-a6f6-9a23f6d32260,Alex,Duhamel,alex.duhamel@outlook.com,+33 1 77 45 01 82,"559, chemin Marchand
82867 Becker-les-Bains",96353d0e-d428-4919-a8a8-d1a0abe13ebf,Casey,Bulldog,21,Female,1963c361-fc38-4625-8536-e0b147b7a6e8,2023-11-22,35,8,91.92,Dog Ear Cleaner,11.49,Gentle ear cleaner solution for dogs,1963c361-fc38-4625-8536-e0b147b7a6e8_20200716011102,ad2cb965-e7fc-4c0b-9fa6-a51dfff83160,Alexandria,Gilbert,vêtir,+33 4 27 76 87 23,82b6a210-3b73-4271-b76a-092cbc650623,2024-02-19,Servir parvenir espace.
2f434d8b-4a61-4796-b242-94ebdb74e850,Tristan,Léger,tristan.léger@outlook.com,+33 6 36 10 63 28,"boulevard de Lemoine
77316 Alves",9d3e6916-6fc1-4b70-beaa-5f32a4a27719,Moose,German Shepherd,25,Male,748d3153-c6a0-4f43-818f-67b7d6fbf696,2023-10-19,24,6,179.94,Dog Harness with Leash,29.99,Adjustable harness with matching leash,748d3153-c6a0-4f43-818f-67b7d6fbf696_20210312014542,79a9fbf8-8781-4203-918d-66345860662d,Gabriel,Meunier,livrer,05 90 24 95 36,5acd16f1-a206-4e0e-a5c5-b56dc88b8fb3,2024-03-05,Vol distinguer portier chez dessus préparer.
2f434d8b-4a61-4796-b242-94ebdb74e850,Tristan,Léger,tristan.léger@outlook.com,+33 6 36 10 63 28,"boulevard de Lemoine
77316 Alves",9d3e6916-6fc1-4b70-beaa-5f32a4a27719,Moose,German Shepherd,25,Male,748d3153-c6a0-4f43-818f-67b7d6fbf696,2023-10-19,22,6,68.94,Interactive Fetch Ball,11.49,Interactive ball for fetch games,748d3153-c6a0-4f43-818f-67b7d6fbf696_20220225120250,79a9fbf8-8781-4203-918d-66345860662d,Gabriel,Meunier,livrer,05 90 24 95 36,5acd16f1-a206-4e0e-a5c5-b56dc88b8fb3,2024-03-05,Vol distinguer portier chez dessus préparer.
2f434d8b-4a61-4796-b242-94ebdb74e850,Tristan,Léger,tristan.léger@outlook.com,+33 6 36 10 63 28,"boulevard de Lemoine
77316 Alves",9d3e6916-6fc1-4b70-beaa-5f32a4a27719,Moose,German Shepherd,25,Male,748d3153-c6a0-4f43-818f-67b7d6fbf696,2023-10-19,19,9,143.91,Dog Sunglasses,15.99,UV-protective sunglasses for dogs,748d3153-c6a0-4f43-818f-67b7d6fbf696_20231019102335,79a9fbf8-8781-4203-918d-66345860662d,Gabriel,Meunier,livrer,05 90 24 95 36,5acd16f1-a206-4e0e-a5c5-b56dc88b8fb3,2024-03-05,Vol distinguer portier chez dessus préparer.
2f434d8b-4a61-4796-b242-94ebdb74e850,Tristan,Léger,tristan.léger@outlook.com,+33 6 36 10 63 28,"boulevard de Lemoine
77316 Alves",9d3e6916-6fc1-4b70-beaa-5f32a4a27719,Moose,German Shepherd,25,Male,748d3153-c6a0-4f43-818f-67b7d6fbf696,2023-10-19,1,1,20.99,Dog Food,20.99,High-quality dog food,748d3153-c6a0-4f43-818f-67b7d6fbf696_20230225015145,79a9fbf8-8781-4203-918d-66345860662d,Gabriel,Meunier,livrer,05 90 24 95 36,5acd16f1-a206-4e0e-a5c5-b56dc88b8fb3,2024-03-05,Vol distinguer portier chez dessus préparer.
3458e529-0ea3-47ea-8ef4-ec340a30d178,Inès,Étienne,inès.étienne@outlook.com,0546831949,"239, boulevard Langlois
84518 Sainte MargaretBourg",6ec55e42-ad6c-4b3f-9cf3-1cbdb2c7b690,Gus,Shih Tzu,23,Male,5434a98d-473b-4cf3-9e29-82fe33332893,2023-11-12,17,3,74.97,Dog Raincoat,24.99,Water-resistant dog raincoat,5434a98d-473b-4cf3-9e29-82fe33332893_20200913080432,0587c27e-e8e2-4da2-ac71-43001573965d,Pénélope,Couturier,détail,+33 6 98 93 18 47,3f463564-803a-4ec9-970a-7077de0dcb08,2024-02-20,Note fine salle côté autre compter.
3458e529-0ea3-47ea-8ef4-ec340a30d178,Inès,Étienne,inès.étienne@outlook.com,0546831949,"239, boulevard Langlois
84518 Sainte MargaretBourg",6ec55e42-ad6c-4b3f-9cf3-1cbdb2c7b690,Gus,Shih Tzu,23,Male,5434a98d-473b-4cf3-9e29-82fe33332893,2023-11-12,10,2,11.98,Dog Treats,5.99,Tasty dog treats,5434a98d-473b-4cf3-9e29-82fe33332893_20220307141001,0587c27e-e8e2-4da2-ac71-43001573965d,Pénélope,Couturier,détail,+33 6 98 93 18 47,3f463564-803a-4ec9-970a-7077de0dcb08,2024-02-20,Note fine salle côté autre compter.
3458e529-0ea3-47ea-8ef4-ec340a30d178,Inès,Étienne,inès.étienne@outlook.com,0546831949,"239, boulevard Langlois
84518 Sainte MargaretBourg",6ec55e42-ad6c-4b3f-9cf3-1cbdb2c7b690,Gus,Shih Tzu,23,Male,5434a98d-473b-4cf3-9e29-82fe33332893,2023-11-12,3,7,279.93,Dog Bed,39.99,Comfortable dog bed,5434a98d-473b-4cf3-9e29-82fe33332893_20220511092053,0587c27e-e8e2-4da2-ac71-43001573965d,Pénélope,Couturier,détail,+33 6 98 93 18 47,3f463564-803a-4ec9-970a-7077de0dcb08,2024-02-20,Note fine salle côté autre compter.
ca5948f8-eb7c-457d-a3bc-9a9ada6b3fc0,Gabrielle,Perrot,gabrielle.perrot@gmail.com,+33 (0)1 55 35 17 13,"78, rue Sylvie Maillet
58604 Gauthier-sur-Berthelot",6bbadb25-16db-4b7f-8c7b-68e1fe48f899,Otis,Great Dane,116,Male,b05dc643-ee0a-4042-bdde-c337a7f59c35,2023-11-12,12,9,314.91,Dog Crate,34.99,Secure dog crate,b05dc643-ee0a-4042-bdde-c337a7f59c35_20230214100549,b091e736-0994-4cd3-b727-293607be2a77,René,Ruiz,réveiller,0432555416,b7f41bd4-8ac8-4156-a37d-9dd04dbb50d8,2024-03-05,Mince leur contraire animer rire fois.
506cf569-6605-41a0-ba41-000406c36d4a,Adrienne,Bigot,adrienne.bigot@gmail.com,0765738696,"29, rue Louis Bertrand
51517 Jacob-sur-Mer",d2cf4c93-b730-483a-91ae-6f0aab069780,Minnie,Chihuahua,29,Female,1e6add83-9491-4dda-aed6-8146fc0ebc26,2023-12-12,20,6,41.94,Dog Bandana,6.99,Stylish bandana for dogs,1e6add83-9491-4dda-aed6-8146fc0ebc26_20230629011532,6fb5b025-a4b4-4454-a06c-3315738e604c,Laurence,Klein,remonter,02 48 00 91 19,55c64184-5ac6-4f00-8b6a-69cce2b1eac7,2024-03-01,Vite sauter haïr effet l'un grand trait.
506cf569-6605-41a0-ba41-000406c36d4a,Adrienne,Bigot,adrienne.bigot@gmail.com,0765738696,"29, rue Louis Bertrand
51517 Jacob-sur-Mer",d2cf4c93-b730-483a-91ae-6f0aab069780,Minnie,Chihuahua,29,Female,1e6add83-9491-4dda-aed6-8146fc0ebc26,2023-12-12,23,2,19.98,Dog Nail Clippers,9.99,Safe and easy-to-use nail clippers for dogs,1e6add83-9491-4dda-aed6-8146fc0ebc26_20220329175856,6fb5b025-a4b4-4454-a06c-3315738e604c,Laurence,Klein,remonter,02 48 00 91 19,55c64184-5ac6-4f00-8b6a-69cce2b1eac7,2024-03-01,Vite sauter haïr effet l'un grand trait.
506cf569-6605-41a0-ba41-000406c36d4a,Adrienne,Bigot,adrienne.bigot@gmail.com,0765738696,"29, rue Louis Bertrand
51517 Jacob-sur-Mer",d2cf4c93-b730-483a-91ae-6f0aab069780,Minnie,Chihuahua,29,Female,1e6add83-9491-4dda-aed6-8146fc0ebc26,2023-12-12,18,10,84.9,Squeaky Plush Toy,8.49,Cute squeaky plush toy for dogs,1e6add83-9491-4dda-aed6-8146fc0ebc26_20200829000723,6fb5b025-a4b4-4454-a06c-3315738e604c,Laurence,Klein,remonter,02 48 00 91 19,55c64184-5ac6-4f00-8b6a-69cce2b1eac7,2024-03-01,Vite sauter haïr effet l'un grand trait.
e4fe6ecd-fb48-44be-9040-cdf6ec599c68,André,Clément,andré.clément@outlook.com,+33 5 61 26 41 33,"94, avenue Lucie Collet
82770 Vallet",d51118ba-18a8-4440-afda-6678106a5833,Sam,Akita,24,Male,940ab33d-1aa2-4a17-a892-8c1af61fcd5c,2023-12-31,25,6,119.94,Dog Backpack,19.99,Backpack for dogs to carry essentials on walks,940ab33d-1aa2-4a17-a892-8c1af61fcd5c_20220622133045,59132a0e-1759-4976-b187-beb78b7eb732,Benjamin,Gay,bord,+33 2 57 88 10 02,20c70084-0cce-4594-b688-f33922e9cb6c,2024-03-04,Droite rien chaud donner.
0a4199ea-4df8-41df-b556-a72c4a479d24,Zacharie,Robert,zacharie.robert@outlook.com,+33 (0)3 45 81 75 60,"7, avenue de Chauvet
06552 Saint Antoinette",41cde8cd-7eea-4057-9e3c-bb29811d259f,Angel,Bulldog,1,Female,f1402901-42ed-4c2c-84e7-1db32ab8c08c,2023-11-07,1,3,62.97,Dog Food,20.99,High-quality dog food,f1402901-42ed-4c2c-84e7-1db32ab8c08c_20210919144352,5fc4f217-b0df-4d93-84dd-fe83e5304278,Simone,Cordier,famille,04 77 08 00 48,3fa9af3e-2c4d-4279-beb6-fa3926fd766c,2024-02-10,Officier premier certainement curieux naître six.
f8110737-57af-4b01-ad8c-3595a2fc2710,Jacqueline,Maréchal,jacqueline.maréchal@outlook.com,+33 2 37 53 54 96,"538, rue de Monnier
22211 Martins",233fdaad-d51f-4113-8369-22b17719cb01,Ollie,French Bulldog,100,Male,980cfd17-55b0-474e-9b48-01d667762795,2023-11-19,30,2,10.98,Dog Poop Bags,5.49,Biodegradable poop bags for easy cleanup,980cfd17-55b0-474e-9b48-01d667762795_20200322150803,4a52c8ff-9b9c-4f3c-812a-c1559f8fff58,Marguerite,Bourdon,que,+33 4 11 56 08 17,54e11cdd-8b2f-4d71-acf5-e59c4d167131,2024-02-19,Également vieil santé cinq oublier après paix.
f8110737-57af-4b01-ad8c-3595a2fc2710,Jacqueline,Maréchal,jacqueline.maréchal@outlook.com,+33 2 37 53 54 96,"538, rue de Monnier
22211 Martins",233fdaad-d51f-4113-8369-22b17719cb01,Ollie,French Bulldog,100,Male,980cfd17-55b0-474e-9b48-01d667762795,2023-11-19,6,7,111.93,Dog Shampoo,15.99,Gentle dog shampoo,980cfd17-55b0-474e-9b48-01d667762795_20200609062338,4a52c8ff-9b9c-4f3c-812a-c1559f8fff58,Marguerite,Bourdon,que,+33 4 11 56 08 17,54e11cdd-8b2f-4d71-acf5-e59c4d167131,2024-02-19,Également vieil santé cinq oublier après paix.
fb8d67d4-e648-4634-9848-3cc20fe1f7db,Thierry,Dumas,thierry.dumas@outlook.com,+33 1 48 35 60 83,"48, rue de Schneider
97133 Brun-sur-Mer",9e393d3c-b69e-4bca-a391-66b18186848b,Benny,Siberian Husky,101,Male,efcb3fc8-88c4-4d9e-9621-6110645d2b86,2024-01-13,18,8,67.92,Squeaky Plush Toy,8.49,Cute squeaky plush toy for dogs,efcb3fc8-88c4-4d9e-9621-6110645d2b86_20220921141925,0ff044f7-e3bd-4c3f-8331-cd1b71509bd1,Simone,Diaz,nord,+33 1 49 71 68 53,360d6961-7964-4b41-9d98-454698a0a3ab,2024-02-22,Impression oh âgé parole parti lumière.
fb8d67d4-e648-4634-9848-3cc20fe1f7db,Thierry,Dumas,thierry.dumas@outlook.com,+33 1 48 35 60 83,"48, rue de Schneider
97133 Brun-sur-Mer",9e393d3c-b69e-4bca-a391-66b18186848b,Benny,Siberian Husky,101,Male,efcb3fc8-88c4-4d9e-9621-6110645d2b86,2024-01-13,13,7,209.93,Dog Grooming Kit,29.99,Complete grooming kit for dogs,efcb3fc8-88c4-4d9e-9621-6110645d2b86_20210907105141,0ff044f7-e3bd-4c3f-8331-cd1b71509bd1,Simone,Diaz,nord,+33 1 49 71 68 53,360d6961-7964-4b41-9d98-454698a0a3ab,2024-02-22,Impression oh âgé parole parti lumière.
fb8d67d4-e648-4634-9848-3cc20fe1f7db,Thierry,Dumas,thierry.dumas@outlook.com,+33 1 48 35 60 83,"48, rue de Schneider
97133 Brun-sur-Mer",9e393d3c-b69e-4bca-a391-66b18186848b,Benny,Siberian Husky,101,Male,efcb3fc8-88c4-4d9e-9621-6110645d2b86,2024-01-13,25,4,79.96,Dog Backpack,19.99,Backpack for dogs to carry essentials on walks,efcb3fc8-88c4-4d9e-9621-6110645d2b86_20230810081756,0ff044f7-e3bd-4c3f-8331-cd1b71509bd1,Simone,Diaz,nord,+33 1 49 71 68 53,360d6961-7964-4b41-9d98-454698a0a3ab,2024-02-22,Impression oh âgé parole parti lumière.
fb8d67d4-e648-4634-9848-3cc20fe1f7db,Thierry,Dumas,thierry.dumas@outlook.com,+33 1 48 35 60 83,"48, rue de Schneider
97133 Brun-sur-Mer",9e393d3c-b69e-4bca-a391-66b18186848b,Benny,Siberian Husky,101,Male,efcb3fc8-88c4-4d9e-9621-6110645d2b86,2024-01-13,2,6,59.94,Dog Toy,9.99,Interactive dog toy,efcb3fc8-88c4-4d9e-9621-6110645d2b86_20210711020816,0ff044f7-e3bd-4c3f-8331-cd1b71509bd1,Simone,Diaz,nord,+33 1 49 71 68 53,360d6961-7964-4b41-9d98-454698a0a3ab,2024-02-22,Impression oh âgé parole parti lumière.
81736585-a973-4c1a-8dab-efd403fbf2a7,Virginie,Coulon,virginie.coulon@gmail.com,+33 (0)2 61 40 28 32,"31, avenue Paul
04753 Saint Honoré",acb779af-6ac9-4621-8450-fc78dae200a6,Sammy,Dachshund,53,Male,066d107b-009e-455c-8339-50cc18c0a456,2023-10-12,20,1,6.99,Dog Bandana,6.99,Stylish bandana for dogs,066d107b-009e-455c-8339-50cc18c0a456_20200229085721,5d550ec9-7f9d-43fc-833c-44adde773b50,Suzanne,Breton,malgré,+33 (0)3 56 11 56 78,7febb4be-d964-4740-b844-2cb60043d200,2024-03-04,Réponse médecin bande.
81736585-a973-4c1a-8dab-efd403fbf2a7,Virginie,Coulon,virginie.coulon@gmail.com,+33 (0)2 61 40 28 32,"31, avenue Paul
04753 Saint Honoré",acb779af-6ac9-4621-8450-fc78dae200a6,Sammy,Dachshund,53,Male,066d107b-009e-455c-8339-50cc18c0a456,2023-10-12,18,4,33.96,Squeaky Plush Toy,8.49,Cute squeaky plush toy for dogs,066d107b-009e-455c-8339-50cc18c0a456_20200830183503,5d550ec9-7f9d-43fc-833c-44adde773b50,Suzanne,Breton,malgré,+33 (0)3 56 11 56 78,7febb4be-d964-4740-b844-2cb60043d200,2024-03-04,Réponse médecin bande.
81736585-a973-4c1a-8dab-efd403fbf2a7,Virginie,Coulon,virginie.coulon@gmail.com,+33 (0)2 61 40 28 32,"31, avenue Paul
04753 Saint Honoré",acb779af-6ac9-4621-8450-fc78dae200a6,Sammy,Dachshund,53,Male,066d107b-009e-455c-8339-50cc18c0a456,2023-10-12,3,5,199.95,Dog Bed,39.99,Comfortable dog bed,066d107b-009e-455c-8339-50cc18c0a456_20210126034204,5d550ec9-7f9d-43fc-833c-44adde773b50,Suzanne,Breton,malgré,+33 (0)3 56 11 56 78,7febb4be-d964-4740-b844-2cb60043d200,2024-03-04,Réponse médecin bande.
81736585-a973-4c1a-8dab-efd403fbf2a7,Virginie,Coulon,virginie.coulon@gmail.com,+33 (0)2 61 40 28 32,"31, avenue Paul
04753 Saint Honoré",acb779af-6ac9-4621-8450-fc78dae200a6,Sammy,Dachshund,53,Male,066d107b-009e-455c-8339-50cc18c0a456,2023-10-12,9,2,29.98,Dog Leash,14.99,Durable dog leash,066d107b-009e-455c-8339-50cc18c0a456_20221109164529,5d550ec9-7f9d-43fc-833c-44adde773b50,Suzanne,Breton,malgré,+33 (0)3 56 11 56 78,7febb4be-d964-4740-b844-2cb60043d200,2024-03-04,Réponse médecin bande.
81736585-a973-4c1a-8dab-efd403fbf2a7,Virginie,Coulon,virginie.coulon@gmail.com,+33 (0)2 61 40 28 32,"31, avenue Paul
04753 Saint Honoré",acb779af-6ac9-4621-8450-fc78dae200a6,Sammy,Dachshund,53,Male,066d107b-009e-455c-8339-50cc18c0a456,2023-10-12,23,8,79.92,Dog Nail Clippers,9.99,Safe and easy-to-use nail clippers for dogs,066d107b-009e-455c-8339-50cc18c0a456_20210313062311,5d550ec9-7f9d-43fc-833c-44adde773b50,Suzanne,Breton,malgré,+33 (0)3 56 11 56 78,7febb4be-d964-4740-b844-2cb60043d200,2024-03-04,Réponse médecin bande.
847fc029-11e1-4f89-88d7-96b2a1e4d2cb,Josette,Da Costa,josette.da costa@outlook.com,0635989349,"192, avenue Normand
48183 Aubry-sur-Mer",57b5dfeb-c43b-4172-bb24-4992d55dd3dc,Oliver,Shih Tzu,41,Male,3c06c3d9-cc65-41c9-938c-624fceb42b9a,2023-12-27,26,1,7.99,Dog Frisbee,7.99,Durable frisbee for outdoor play,3c06c3d9-cc65-41c9-938c-624fceb42b9a_20220309205907,851eec85-d240-4315-9bfe-bf35b56cdb9b,Alphonse,Jacquot,nation,+33 (0)5 79 12 96 45,3db1de4c-1b65-4a9a-ad1a-d59a14881828,2024-02-27,Du sortir voler vin rare.
847fc029-11e1-4f89-88d7-96b2a1e4d2cb,Josette,Da Costa,josette.da costa@outlook.com,0635989349,"192, avenue Normand
48183 Aubry-sur-Mer",57b5dfeb-c43b-4172-bb24-4992d55dd3dc,Oliver,Shih Tzu,41,Male,3c06c3d9-cc65-41c9-938c-624fceb42b9a,2023-12-27,35,7,80.43,Dog Ear Cleaner,11.49,Gentle ear cleaner solution for dogs,3c06c3d9-cc65-41c9-938c-624fceb42b9a_20221130194410,851eec85-d240-4315-9bfe-bf35b56cdb9b,Alphonse,Jacquot,nation,+33 (0)5 79 12 96 45,3db1de4c-1b65-4a9a-ad1a-d59a14881828,2024-02-27,Du sortir voler vin rare.
ef539da7-0d49-45d4-a07c-6a259b5eaf64,Margaud,Fabre,margaud.fabre@outlook.com,0744291273,"avenue Hebert
57944 Dupuy",ba4c3785-78bf-4b71-9a2c-b2fcc4d91515,Tucker,Shetland Sheepdog,46,Male,d67d5390-1801-47e8-a459-3e2453c87faa,2023-10-08,32,6,137.94,Dog Cooling Mat,22.99,Cooling mat for hot days,d67d5390-1801-47e8-a459-3e2453c87faa_20221120111145,e1101c2e-7395-44de-98da-3be3c281b3f6,Denise,Philippe,après,01 53 70 62 48,49259b8e-873c-445e-a932-4da3116d798a,2024-02-14,Inviter cela nord mort.
ef539da7-0d49-45d4-a07c-6a259b5eaf64,Margaud,Fabre,margaud.fabre@outlook.com,0744291273,"avenue Hebert
57944 Dupuy",ba4c3785-78bf-4b71-9a2c-b2fcc4d91515,Tucker,Shetland Sheepdog,46,Male,d67d5390-1801-47e8-a459-3e2453c87faa,2023-10-08,24,5,149.95,Dog Harness with Leash,29.99,Adjustable harness with matching leash,d67d5390-1801-47e8-a459-3e2453c87faa_20200623150354,e1101c2e-7395-44de-98da-3be3c281b3f6,Denise,Philippe,après,01 53 70 62 48,49259b8e-873c-445e-a932-4da3116d798a,2024-02-14,Inviter cela nord mort.
ef539da7-0d49-45d4-a07c-6a259b5eaf64,Margaud,Fabre,margaud.fabre@outlook.com,0744291273,"avenue Hebert
57944 Dupuy",ba4c3785-78bf-4b71-9a2c-b2fcc4d91515,Tucker,Shetland Sheepdog,46,Male,d67d5390-1801-47e8-a459-3e2453c87faa,2023-10-08,24,2,59.98,Dog Harness with Leash,29.99,Adjustable harness with matching leash,d67d5390-1801-47e8-a459-3e2453c87faa_20210419002930,e1101c2e-7395-44de-98da-3be3c281b3f6,Denise,Philippe,après,01 53 70 62 48,49259b8e-873c-445e-a932-4da3116d798a,2024-02-14,Inviter cela nord mort.
ef539da7-0d49-45d4-a07c-6a259b5eaf64,Margaud,Fabre,margaud.fabre@outlook.com,0744291273,"avenue Hebert
57944 Dupuy",ba4c3785-78bf-4b71-9a2c-b2fcc4d91515,Tucker,Shetland Sheepdog,46,Male,d67d5390-1801-47e8-a459-3e2453c87faa,2023-10-08,22,8,91.92,Interactive Fetch Ball,11.49,Interactive ball for fetch games,d67d5390-1801-47e8-a459-3e2453c87faa_20210107162000,e1101c2e-7395-44de-98da-3be3c281b3f6,Denise,Philippe,après,01 53 70 62 48,49259b8e-873c-445e-a932-4da3116d798a,2024-02-14,Inviter cela nord mort.
08c1ad98-f728-4d2f-8501-7fcc93db1c25,Lucas,Boutin,lucas.boutin@gmail.com,03 66 79 74 31,"7, chemin de Mendès
91533 Poirier-les-Bains",6d20f6aa-6f48-4891-928e-c6228511b439,Nala,Dachshund,23,Female,3cf25901-ceda-443f-a519-e2478b978619,2024-01-15,23,3,29.97,Dog Nail Clippers,9.99,Safe and easy-to-use nail clippers for dogs,3cf25901-ceda-443f-a519-e2478b978619_20200614021122,2909adb0-8e2b-4f2d-8e94-83019bdfce20,Henriette,Loiseau,calme,0531064992,a7f7ddba-c77c-42d8-98ab-b2cd6a0d2db8,2024-02-24,Quelque apercevoir violent ligne mal rire promener.
08c1ad98-f728-4d2f-8501-7fcc93db1c25,Lucas,Boutin,lucas.boutin@gmail.com,03 66 79 74 31,"7, chemin de Mendès
91533 Poirier-les-Bains",6d20f6aa-6f48-4891-928e-c6228511b439,Nala,Dachshund,23,Female,3cf25901-ceda-443f-a519-e2478b978619,2024-01-15,22,3,34.47,Interactive Fetch Ball,11.49,Interactive ball for fetch games,3cf25901-ceda-443f-a519-e2478b978619_20210827135446,2909adb0-8e2b-4f2d-8e94-83019bdfce20,Henriette,Loiseau,calme,0531064992,a7f7ddba-c77c-42d8-98ab-b2cd6a0d2db8,2024-02-24,Quelque apercevoir violent ligne mal rire promener.
f7a6f689-dc9a-45ce-bb6b-9b5dee790003,Gabriel,Dufour,gabriel.dufour@gmail.com,+33 (0)5 32 07 89 55,"rue de Legros
97260 Saint Jérôme",36a2bd3d-a175-4237-b67e-c863877e2ec5,Lexi,Doberman Pinscher,98,Female,9dbb1fd8-d9e2-4e6d-b835-38ea2abbd27b,2024-01-03,22,7,80.43,Interactive Fetch Ball,11.49,Interactive ball for fetch games,9dbb1fd8-d9e2-4e6d-b835-38ea2abbd27b_20200702213038,06ce6231-a8aa-445f-831f-bc9e2779ad35,Eugène,Hamon,affirmer,0181033769,706ceac0-f3ec-4810-af08-6d5ff8252c4a,2024-02-24,Tapis réduire voie cela auprès.
f7a6f689-dc9a-45ce-bb6b-9b5dee790003,Gabriel,Dufour,gabriel.dufour@gmail.com,+33 (0)5 32 07 89 55,"rue de Legros
97260 Saint Jérôme",36a2bd3d-a175-4237-b67e-c863877e2ec5,Lexi,Doberman Pinscher,98,Female,9dbb1fd8-d9e2-4e6d-b835-38ea2abbd27b,2024-01-03,30,10,54.9,Dog Poop Bags,5.49,Biodegradable poop bags for easy cleanup,9dbb1fd8-d9e2-4e6d-b835-38ea2abbd27b_20231220050157,06ce6231-a8aa-445f-831f-bc9e2779ad35,Eugène,Hamon,affirmer,0181033769,706ceac0-f3ec-4810-af08-6d5ff8252c4a,2024-02-24,Tapis réduire voie cela auprès.
f7a6f689-dc9a-45ce-bb6b-9b5dee790003,Gabriel,Dufour,gabriel.dufour@gmail.com,+33 (0)5 32 07 89 55,"rue de Legros
97260 Saint Jérôme",36a2bd3d-a175-4237-b67e-c863877e2ec5,Lexi,Doberman Pinscher,98,Female,9dbb1fd8-d9e2-4e6d-b835-38ea2abbd27b,2024-01-03,31,10,144.9,Dog Grooming Gloves,14.49,Gentle grooming gloves for dogs,9dbb1fd8-d9e2-4e6d-b835-38ea2abbd27b_20230722142417,06ce6231-a8aa-445f-831f-bc9e2779ad35,Eugène,Hamon,affirmer,0181033769,706ceac0-f3ec-4810-af08-6d5ff8252c4a,2024-02-24,Tapis réduire voie cela auprès.
f7a6f689-dc9a-45ce-bb6b-9b5dee790003,Gabriel,Dufour,gabriel.dufour@gmail.com,+33 (0)5 32 07 89 55,"rue de Legros
97260 Saint Jérôme",36a2bd3d-a175-4237-b67e-c863877e2ec5,Lexi,Doberman Pinscher,98,Female,9dbb1fd8-d9e2-4e6d-b835-38ea2abbd27b,2024-01-03,34,4,37.96,Dog Tug Toy,9.49,Interactive tug-of-war toy for dogs,9dbb1fd8-d9e2-4e6d-b835-38ea2abbd27b_20200508054604,06ce6231-a8aa-445f-831f-bc9e2779ad35,Eugène,Hamon,affirmer,0181033769,706ceac0-f3ec-4810-af08-6d5ff8252c4a,2024-02-24,Tapis réduire voie cela auprès.
f7a6f689-dc9a-45ce-bb6b-9b5dee790003,Gabriel,Dufour,gabriel.dufour@gmail.com,+33 (0)5 32 07 89 55,"rue de Legros
97260 Saint Jérôme",36a2bd3d-a175-4237-b67e-c863877e2ec5,Lexi,Doberman Pinscher,98,Female,9dbb1fd8-d9e2-4e6d-b835-38ea2abbd27b,2024-01-03,31,7,101.43,Dog Grooming Gloves,14.49,Gentle grooming gloves for dogs,9dbb1fd8-d9e2-4e6d-b835-38ea2abbd27b_20230205195821,06ce6231-a8aa-445f-831f-bc9e2779ad35,Eugène,Hamon,affirmer,0181033769,706ceac0-f3ec-4810-af08-6d5ff8252c4a,2024-02-24,Tapis réduire voie cela auprès.
e1f2c319-dc3b-4aa3-8f49-071d037b033e,Christophe,Gautier,christophe.gautier@gmail.com,0257556960,"89, avenue Rémy Hamon
97266 GérardVille",ac5927ac-f9d2-47e4-aeb6-5906bcb6f494,Nala,Cocker Spaniel,102,Female,a7f57343-8be3-4aec-b1ee-c7f990a5420d,2024-01-10,4,8,103.92,Dog Collar,12.99,Stylish dog collar,a7f57343-8be3-4aec-b1ee-c7f990a5420d_20200103160502,3d9a39b3-c47e-4fd6-b535-6b83b282994f,Louise,Besnard,voix,03 68 45 91 59,ab0b8e57-03b3-40b3-9afb-e6c7ed0004c4,2024-02-29,Signifier lire fixer prière tant.
e1f2c319-dc3b-4aa3-8f49-071d037b033e,Christophe,Gautier,christophe.gautier@gmail.com,0257556960,"89, avenue Rémy Hamon
97266 GérardVille",ac5927ac-f9d2-47e4-aeb6-5906bcb6f494,Nala,Cocker Spaniel,102,Female,a7f57343-8be3-4aec-b1ee-c7f990a5420d,2024-01-10,26,8,63.92,Dog Frisbee,7.99,Durable frisbee for outdoor play,a7f57343-8be3-4aec-b1ee-c7f990a5420d_20220913194552,3d9a39b3-c47e-4fd6-b535-6b83b282994f,Louise,Besnard,voix,03 68 45 91 59,ab0b8e57-03b3-40b3-9afb-e6c7ed0004c4,2024-02-29,Signifier lire fixer prière tant.
e1f2c319-dc3b-4aa3-8f49-071d037b033e,Christophe,Gautier,christophe.gautier@gmail.com,0257556960,"89, avenue Rémy Hamon
97266 GérardVille",ac5927ac-f9d2-47e4-aeb6-5906bcb6f494,Nala,Cocker Spaniel,102,Female,a7f57343-8be3-4aec-b1ee-c7f990a5420d,2024-01-10,17,4,99.96,Dog Raincoat,24.99,Water-resistant dog raincoat,a7f57343-8be3-4aec-b1ee-c7f990a5420d_20220606182443,3d9a39b3-c47e-4fd6-b535-6b83b282994f,Louise,Besnard,voix,03 68 45 91 59,ab0b8e57-03b3-40b3-9afb-e6c7ed0004c4,2024-02-29,Signifier lire fixer prière tant.
e1f2c319-dc3b-4aa3-8f49-071d037b033e,Christophe,Gautier,christophe.gautier@gmail.com,0257556960,"89, avenue Rémy Hamon
97266 GérardVille",ac5927ac-f9d2-47e4-aeb6-5906bcb6f494,Nala,Cocker Spaniel,102,Female,a7f57343-8be3-4aec-b1ee-c7f990a5420d,2024-01-10,30,1,5.49,Dog Poop Bags,5.49,Biodegradable poop bags for easy cleanup,a7f57343-8be3-4aec-b1ee-c7f990a5420d_20200622011940,3d9a39b3-c47e-4fd6-b535-6b83b282994f,Louise,Besnard,voix,03 68 45 91 59,ab0b8e57-03b3-40b3-9afb-e6c7ed0004c4,2024-02-29,Signifier lire fixer prière tant.
1ef26fd5-1258-4856-bec4-e4b0665cd75c,Gilbert,Blot,gilbert.blot@gmail.com,03 79 72 83 38,"11, rue de Lopes
75363 ChauvetBourg",9b84d30f-f3c0-46c3-ba2c-1118ab8c2ad7,Tank,Shetland Sheepdog,2,Male,834e4bb3-5f2b-471f-8c92-60d57a21950f,2023-12-14,17,4,99.96,Dog Raincoat,24.99,Water-resistant dog raincoat,834e4bb3-5f2b-471f-8c92-60d57a21950f_20220530022933,1c2f7d15-b947-4abe-9ccd-809b80dd442e,Marthe,Fernandez,bien,+33 4 89 35 22 36,3e35de11-223b-4c62-992a-9508555f3338,2024-02-20,Drame essayer attaquer etc lourd.
86d7c6eb-74c7-4a7e-a001-e4b0d0a47b31,Édith,Ferreira,édith.ferreira@outlook.com,+33 (0)7 77 97 39 37,"30, boulevard Perez
28638 Saint Henrinec",dede960d-8ef9-4545-b3b2-02ad3de9c3b0,Bruno,Boxer,55,Male,eb5a4eeb-c0ab-405f-982e-cb56e3896de5,2023-10-30,34,1,9.49,Dog Tug Toy,9.49,Interactive tug-of-war toy for dogs,eb5a4eeb-c0ab-405f-982e-cb56e3896de5_20210819034216,9149e25d-bfce-452c-96e6-364119bea29b,Sabine,Rocher,preuve,+33 2 85 04 39 93,51d3a866-c040-4a4f-9214-152ab77b835b,2024-02-21,Avenir pont sortir.
98ef1dba-59bc-44e0-a897-c144b7333d8f,Alexandre,Samson,alexandre.samson@outlook.com,0457262266,"186, rue Garcia
53362 Fischerboeuf",fef18bd8-7ef1-4a75-9b54-bb3e37fab4d2,Benji,Shiba Inu,43,Male,c0376a4c-09d4-4500-9f2c-3a9ea67444eb,2023-11-08,1,3,62.97,Dog Food,20.99,High-quality dog food,c0376a4c-09d4-4500-9f2c-3a9ea67444eb_20230709224248,fbbfbc28-c9f0-40ad-910f-1f1a46616f4e,Richard,Perrin,vision,0554505692,b8e4a90a-48d2-4978-b150-193a2b8b8819,2024-02-17,Sérieux intérieur user affaire blanc fatigue personne.
98ef1dba-59bc-44e0-a897-c144b7333d8f,Alexandre,Samson,alexandre.samson@outlook.com,0457262266,"186, rue Garcia
53362 Fischerboeuf",fef18bd8-7ef1-4a75-9b54-bb3e37fab4d2,Benji,Shiba Inu,43,Male,c0376a4c-09d4-4500-9f2c-3a9ea67444eb,2023-11-08,17,9,224.91,Dog Raincoat,24.99,Water-resistant dog raincoat,c0376a4c-09d4-4500-9f2c-3a9ea67444eb_20211017133037,fbbfbc28-c9f0-40ad-910f-1f1a46616f4e,Richard,Perrin,vision,0554505692,b8e4a90a-48d2-4978-b150-193a2b8b8819,2024-02-17,Sérieux intérieur user affaire blanc fatigue personne.
98ef1dba-59bc-44e0-a897-c144b7333d8f,Alexandre,Samson,alexandre.samson@outlook.com,0457262266,"186, rue Garcia
53362 Fischerboeuf",fef18bd8-7ef1-4a75-9b54-bb3e37fab4d2,Benji,Shiba Inu,43,Male,c0376a4c-09d4-4500-9f2c-3a9ea67444eb,2023-11-08,11,9,62.91,Dog Ball,6.99,Fetch and play ball,c0376a4c-09d4-4500-9f2c-3a9ea67444eb_20220609083149,fbbfbc28-c9f0-40ad-910f-1f1a46616f4e,Richard,Perrin,vision,0554505692,b8e4a90a-48d2-4978-b150-193a2b8b8819,2024-02-17,Sérieux intérieur user affaire blanc fatigue personne.
4839ffa4-729d-48a3-a495-cb5a889a463a,Henri,Hoareau,henri.hoareau@outlook.com,0508959847,"rue Margot Bruneau
48501 Andre",49ceb66d-80f5-4c34-9196-bd627d8fcd2e,Phoebe,Chihuahua,30,Female,861d7bb1-c854-46a4-9ec6-d47df84128d2,2023-10-31,12,1,34.99,Dog Crate,34.99,Secure dog crate,861d7bb1-c854-46a4-9ec6-d47df84128d2_20230122175641,f0138919-aec6-484e-8b96-9cb30b9d64ca,Simone,Humbert,avant,+33 (0)4 57 26 19 23,8b3f46fa-ab76-47a6-89f9-e672be14eb21,2024-02-22,Rencontre façon lutte maintenir tout difficile étranger.
4839ffa4-729d-48a3-a495-cb5a889a463a,Henri,Hoareau,henri.hoareau@outlook.com,0508959847,"rue Margot Bruneau
48501 Andre",49ceb66d-80f5-4c34-9196-bd627d8fcd2e,Phoebe,Chihuahua,30,Female,861d7bb1-c854-46a4-9ec6-d47df84128d2,2023-10-31,27,9,125.91,Dog Paw Balm,13.99,Moisturizing paw balm for dogs,861d7bb1-c854-46a4-9ec6-d47df84128d2_20210123041551,f0138919-aec6-484e-8b96-9cb30b9d64ca,Simone,Humbert,avant,+33 (0)4 57 26 19 23,8b3f46fa-ab76-47a6-89f9-e672be14eb21,2024-02-22,Rencontre façon lutte maintenir tout difficile étranger.
4839ffa4-729d-48a3-a495-cb5a889a463a,Henri,Hoareau,henri.hoareau@outlook.com,0508959847,"rue Margot Bruneau
48501 Andre",49ceb66d-80f5-4c34-9196-bd627d8fcd2e,Phoebe,Chihuahua,30,Female,861d7bb1-c854-46a4-9ec6-d47df84128d2,2023-10-31,17,1,24.99,Dog Raincoat,24.99,Water-resistant dog raincoat,861d7bb1-c854-46a4-9ec6-d47df84128d2_20211227144816,f0138919-aec6-484e-8b96-9cb30b9d64ca,Simone,Humbert,avant,+33 (0)4 57 26 19 23,8b3f46fa-ab76-47a6-89f9-e672be14eb21,2024-02-22,Rencontre façon lutte maintenir tout difficile étranger.
4839ffa4-729d-48a3-a495-cb5a889a463a,Henri,Hoareau,henri.hoareau@outlook.com,0508959847,"rue Margot Bruneau
48501 Andre",49ceb66d-80f5-4c34-9196-bd627d8fcd2e,Phoebe,Chihuahua,30,Female,861d7bb1-c854-46a4-9ec6-d47df84128d2,2023-10-31,25,10,199.9,Dog Backpack,19.99,Backpack for dogs to carry essentials on walks,861d7bb1-c854-46a4-9ec6-d47df84128d2_20230205212230,f0138919-aec6-484e-8b96-9cb30b9d64ca,Simone,Humbert,avant,+33 (0)4 57 26 19 23,8b3f46fa-ab76-47a6-89f9-e672be14eb21,2024-02-22,Rencontre façon lutte maintenir tout difficile étranger.
dfa598f1-2aa2-45ce-9fd0-29fd34ac1632,Michel,Jacquet,michel.jacquet@outlook.com,07 53 96 14 16,"33, rue Antoine
18255 Sainte Martinnec",70cd862e-9918-42a4-a38d-6378901c7eff,Oliver,Shiba Inu,106,Male,09d53f45-9d85-4980-bca7-db6ba97a350d,2023-11-16,17,4,99.96,Dog Raincoat,24.99,Water-resistant dog raincoat,09d53f45-9d85-4980-bca7-db6ba97a350d_20210317031004,8a8dcf42-8320-461e-8aa2-96ed3f6adff0,Jeannine,Picard,mettre,0299007522,58e41290-21eb-4e39-b9aa-4ee51b8102e5,2024-02-24,Autre ferme peur accomplir sourire cesse.
dfa598f1-2aa2-45ce-9fd0-29fd34ac1632,Michel,Jacquet,michel.jacquet@outlook.com,07 53 96 14 16,"33, rue Antoine
18255 Sainte Martinnec",70cd862e-9918-42a4-a38d-6378901c7eff,Oliver,Shiba Inu,106,Male,09d53f45-9d85-4980-bca7-db6ba97a350d,2023-11-16,24,5,149.95,Dog Harness with Leash,29.99,Adjustable harness with matching leash,09d53f45-9d85-4980-bca7-db6ba97a350d_20230531230926,8a8dcf42-8320-461e-8aa2-96ed3f6adff0,Jeannine,Picard,mettre,0299007522,58e41290-21eb-4e39-b9aa-4ee51b8102e5,2024-02-24,Autre ferme peur accomplir sourire cesse.
dfa598f1-2aa2-45ce-9fd0-29fd34ac1632,Michel,Jacquet,michel.jacquet@outlook.com,07 53 96 14 16,"33, rue Antoine
18255 Sainte Martinnec",70cd862e-9918-42a4-a38d-6378901c7eff,Oliver,Shiba Inu,106,Male,09d53f45-9d85-4980-bca7-db6ba97a350d,2023-11-16,31,2,28.98,Dog Grooming Gloves,14.49,Gentle grooming gloves for dogs,09d53f45-9d85-4980-bca7-db6ba97a350d_20220201023407,8a8dcf42-8320-461e-8aa2-96ed3f6adff0,Jeannine,Picard,mettre,0299007522,58e41290-21eb-4e39-b9aa-4ee51b8102e5,2024-02-24,Autre ferme peur accomplir sourire cesse.
3720ca14-9629-42a1-ae9f-2c47efef0f3a,Aimée,Pottier,aimée.pottier@gmail.com,01 45 38 29 92,"51, boulevard de Verdier
06720 GérardBourg",35afbee7-49c3-4577-afe5-009c49f13fc6,Josie,Pomeranian,75,Female,c68de54c-7db8-494c-bec7-60d8e7dd3bd1,2024-01-21,1,6,125.94,Dog Food,20.99,High-quality dog food,c68de54c-7db8-494c-bec7-60d8e7dd3bd1_20210918102307,bb96a770-6602-4066-b034-30e1046ef419,Adèle,Cordier,savoir,+33 6 64 35 87 27,0800a46e-12e2-42e6-bd03-795daae11a5d,2024-02-12,Sérieux traiter devoir.
3720ca14-9629-42a1-ae9f-2c47efef0f3a,Aimée,Pottier,aimée.pottier@gmail.com,01 45 38 29 92,"51, boulevard de Verdier
06720 GérardBourg",35afbee7-49c3-4577-afe5-009c49f13fc6,Josie,Pomeranian,75,Female,c68de54c-7db8-494c-bec7-60d8e7dd3bd1,2024-01-21,4,4,51.96,Dog Collar,12.99,Stylish dog collar,c68de54c-7db8-494c-bec7-60d8e7dd3bd1_20210710104211,bb96a770-6602-4066-b034-30e1046ef419,Adèle,Cordier,savoir,+33 6 64 35 87 27,0800a46e-12e2-42e6-bd03-795daae11a5d,2024-02-12,Sérieux traiter devoir.
3720ca14-9629-42a1-ae9f-2c47efef0f3a,Aimée,Pottier,aimée.pottier@gmail.com,01 45 38 29 92,"51, boulevard de Verdier
06720 GérardBourg",35afbee7-49c3-4577-afe5-009c49f13fc6,Josie,Pomeranian,75,Female,c68de54c-7db8-494c-bec7-60d8e7dd3bd1,2024-01-21,16,1,18.99,Reflective Dog Harness,18.99,Reflective harness for night walks,c68de54c-7db8-494c-bec7-60d8e7dd3bd1_20201114132101,bb96a770-6602-4066-b034-30e1046ef419,Adèle,Cordier,savoir,+33 6 64 35 87 27,0800a46e-12e2-42e6-bd03-795daae11a5d,2024-02-12,Sérieux traiter devoir.
3720ca14-9629-42a1-ae9f-2c47efef0f3a,Aimée,Pottier,aimée.pottier@gmail.com,01 45 38 29 92,"51, boulevard de Verdier
06720 GérardBourg",35afbee7-49c3-4577-afe5-009c49f13fc6,Josie,Pomeranian,75,Female,c68de54c-7db8-494c-bec7-60d8e7dd3bd1,2024-01-21,7,1,8.99,Pet Brush,8.99,Soft pet grooming brush,c68de54c-7db8-494c-bec7-60d8e7dd3bd1_20240110005805,bb96a770-6602-4066-b034-30e1046ef419,Adèle,Cordier,savoir,+33 6 64 35 87 27,0800a46e-12e2-42e6-bd03-795daae11a5d,2024-02-12,Sérieux traiter devoir.
3720ca14-9629-42a1-ae9f-2c47efef0f3a,Aimée,Pottier,aimée.pottier@gmail.com,01 45 38 29 92,"51, boulevard de Verdier
06720 GérardBourg",35afbee7-49c3-4577-afe5-009c49f13fc6,Josie,Pomeranian,75,Female,c68de54c-7db8-494c-bec7-60d8e7dd3bd1,2024-01-21,27,10,139.9,Dog Paw Balm,13.99,Moisturizing paw balm for dogs,c68de54c-7db8-494c-bec7-60d8e7dd3bd1_20200108084947,bb96a770-6602-4066-b034-30e1046ef419,Adèle,Cordier,savoir,+33 6 64 35 87 27,0800a46e-12e2-42e6-bd03-795daae11a5d,2024-02-12,Sérieux traiter devoir.
78089811-5c6e-42d5-babd-aab66590e406,Olivier,Martins,olivier.martins@gmail.com,0556574985,"88, boulevard Guilbert
27229 Mahe",178ab0a2-782c-4d32-bf3c-2c2204a606c8,Shadow,Pomeranian,91,Female,06b50fc4-3f86-4e71-9034-803c40a7d091,2024-01-28,32,4,91.96,Dog Cooling Mat,22.99,Cooling mat for hot days,06b50fc4-3f86-4e71-9034-803c40a7d091_20240204104827,198e8ce8-2092-487a-94b0-aefe7e04969d,Arnaude,Lenoir,fond,06 31 09 68 17,4ea9917b-76ae-4046-a76d-403ed7617112,2024-02-26,Année oser ennemi malgré pouvoir.
c664e153-f0a6-49a0-ab11-1440def70d52,Valérie,Costa,valérie.costa@outlook.com,0130604386,"73, rue Maggie Peltier
05891 Lecoq",5998f357-c28e-42be-8d12-f80d5da4b40d,Macy,Australian Cattle Dog,102,Female,37c03260-0724-4819-98c2-e820a4f99d3d,2023-10-26,18,6,50.94,Squeaky Plush Toy,8.49,Cute squeaky plush toy for dogs,37c03260-0724-4819-98c2-e820a4f99d3d_20240117180901,8596cfa6-d5c7-4134-9e32-2138581b70d7,Franck,Gros,justice,+33 (0)1 34 56 14 78,d87ad3ea-1ade-49b9-b163-4f026879e9e7,2024-03-04,Surtout espèce souvent faim.
c664e153-f0a6-49a0-ab11-1440def70d52,Valérie,Costa,valérie.costa@outlook.com,0130604386,"73, rue Maggie Peltier
05891 Lecoq",5998f357-c28e-42be-8d12-f80d5da4b40d,Macy,Australian Cattle Dog,102,Female,37c03260-0724-4819-98c2-e820a4f99d3d,2023-10-26,24,3,89.97,Dog Harness with Leash,29.99,Adjustable harness with matching leash,37c03260-0724-4819-98c2-e820a4f99d3d_20230130101238,8596cfa6-d5c7-4134-9e32-2138581b70d7,Franck,Gros,justice,+33 (0)1 34 56 14 78,d87ad3ea-1ade-49b9-b163-4f026879e9e7,2024-03-04,Surtout espèce souvent faim.
c664e153-f0a6-49a0-ab11-1440def70d52,Valérie,Costa,valérie.costa@outlook.com,0130604386,"73, rue Maggie Peltier
05891 Lecoq",5998f357-c28e-42be-8d12-f80d5da4b40d,Macy,Australian Cattle Dog,102,Female,37c03260-0724-4819-98c2-e820a4f99d3d,2023-10-26,14,4,47.96,Dog Dental Chews,11.99,Dental chews for oral health,37c03260-0724-4819-98c2-e820a4f99d3d_20200619000130,8596cfa6-d5c7-4134-9e32-2138581b70d7,Franck,Gros,justice,+33 (0)1 34 56 14 78,d87ad3ea-1ade-49b9-b163-4f026879e9e7,2024-03-04,Surtout espèce souvent faim.
31712909-f791-471c-b0bf-ff22cde61e87,Alphonse,Guillet,alphonse.guillet@gmail.com,+33 (0)4 82 15 80 09,"14, avenue Capucine Laroche
47107 AugerVille",79fadaa9-df04-4b35-80c1-2915bd25d537,Charlie,Australian Cattle Dog,70,Male,192e7510-b7da-4d70-897b-8bea5f1ae41f,2023-12-28,13,5,149.95,Dog Grooming Kit,29.99,Complete grooming kit for dogs,192e7510-b7da-4d70-897b-8bea5f1ae41f_20221229012739,39d20af3-053c-4ff2-af70-f0bd9e51c9c8,Matthieu,Morel,creuser,+33 6 80 17 14 41,7352989e-78df-4105-a7ff-af4aeb101c01,2024-03-02,Vue sien danger pointe maître non le.
31712909-f791-471c-b0bf-ff22cde61e87,Alphonse,Guillet,alphonse.guillet@gmail.com,+33 (0)4 82 15 80 09,"14, avenue Capucine Laroche
47107 AugerVille",79fadaa9-df04-4b35-80c1-2915bd25d537,Charlie,Australian Cattle Dog,70,Male,192e7510-b7da-4d70-897b-8bea5f1ae41f,2023-12-28,3,9,359.91,Dog Bed,39.99,Comfortable dog bed,192e7510-b7da-4d70-897b-8bea5f1ae41f_20230615071807,39d20af3-053c-4ff2-af70-f0bd9e51c9c8,Matthieu,Morel,creuser,+33 6 80 17 14 41,7352989e-78df-4105-a7ff-af4aeb101c01,2024-03-02,Vue sien danger pointe maître non le.
31712909-f791-471c-b0bf-ff22cde61e87,Alphonse,Guillet,alphonse.guillet@gmail.com,+33 (0)4 82 15 80 09,"14, avenue Capucine Laroche
47107 AugerVille",79fadaa9-df04-4b35-80c1-2915bd25d537,Charlie,Australian Cattle Dog,70,Male,192e7510-b7da-4d70-897b-8bea5f1ae41f,2023-12-28,23,5,49.95,Dog Nail Clippers,9.99,Safe and easy-to-use nail clippers for dogs,192e7510-b7da-4d70-897b-8bea5f1ae41f_20220109092051,39d20af3-053c-4ff2-af70-f0bd9e51c9c8,Matthieu,Morel,creuser,+33 6 80 17 14 41,7352989e-78df-4105-a7ff-af4aeb101c01,2024-03-02,Vue sien danger pointe maître non le.
31712909-f791-471c-b0bf-ff22cde61e87,Alphonse,Guillet,alphonse.guillet@gmail.com,+33 (0)4 82 15 80 09,"14, avenue Capucine Laroche
47107 AugerVille",79fadaa9-df04-4b35-80c1-2915bd25d537,Charlie,Australian Cattle Dog,70,Male,192e7510-b7da-4d70-897b-8bea5f1ae41f,2023-12-28,7,6,53.94,Pet Brush,8.99,Soft pet grooming brush,192e7510-b7da-4d70-897b-8bea5f1ae41f_20230109095756,39d20af3-053c-4ff2-af70-f0bd9e51c9c8,Matthieu,Morel,creuser,+33 6 80 17 14 41,7352989e-78df-4105-a7ff-af4aeb101c01,2024-03-02,Vue sien danger pointe maître non le.
31712909-f791-471c-b0bf-ff22cde61e87,Alphonse,Guillet,alphonse.guillet@gmail.com,+33 (0)4 82 15 80 09,"14, avenue Capucine Laroche
47107 AugerVille",79fadaa9-df04-4b35-80c1-2915bd25d537,Charlie,Australian Cattle Dog,70,Male,192e7510-b7da-4d70-897b-8bea5f1ae41f,2023-12-28,25,9,179.91,Dog Backpack,19.99,Backpack for dogs to carry essentials on walks,192e7510-b7da-4d70-897b-8bea5f1ae41f_20230925054646,39d20af3-053c-4ff2-af70-f0bd9e51c9c8,Matthieu,Morel,creuser,+33 6 80 17 14 41,7352989e-78df-4105-a7ff-af4aeb101c01,2024-03-02,Vue sien danger pointe maître non le.
0df75eb4-b2d2-4910-8567-08947b852714,Claire,Guillaume,claire.guillaume@gmail.com,+33 (0)4 58 29 20 25,"23, rue Garnier
62874 Benoit-sur-Thibault",c85b42b0-e9a5-46a6-a408-75c61fe5b48c,Scooter,Siberian Husky,8,Male,e73375e2-77eb-4f67-af67-fe1b3a36602a,2023-11-11,9,6,89.94,Dog Leash,14.99,Durable dog leash,e73375e2-77eb-4f67-af67-fe1b3a36602a_20200608174014,41d8323d-38c4-4576-889e-bbc1fbdba032,Gabrielle,Blin,cas,0790680771,c2ff73e5-e229-45e7-bd19-969376aca506,2024-03-04,Dormir vivant parfois vendre plaire.
0df75eb4-b2d2-4910-8567-08947b852714,Claire,Guillaume,claire.guillaume@gmail.com,+33 (0)4 58 29 20 25,"23, rue Garnier
62874 Benoit-sur-Thibault",c85b42b0-e9a5-46a6-a408-75c61fe5b48c,Scooter,Siberian Husky,8,Male,e73375e2-77eb-4f67-af67-fe1b3a36602a,2023-11-11,35,10,114.9,Dog Ear Cleaner,11.49,Gentle ear cleaner solution for dogs,e73375e2-77eb-4f67-af67-fe1b3a36602a_20200630135336,41d8323d-38c4-4576-889e-bbc1fbdba032,Gabrielle,Blin,cas,0790680771,c2ff73e5-e229-45e7-bd19-969376aca506,2024-03-04,Dormir vivant parfois vendre plaire.
0df75eb4-b2d2-4910-8567-08947b852714,Claire,Guillaume,claire.guillaume@gmail.com,+33 (0)4 58 29 20 25,"23, rue Garnier
62874 Benoit-sur-Thibault",c85b42b0-e9a5-46a6-a408-75c61fe5b48c,Scooter,Siberian Husky,8,Male,e73375e2-77eb-4f67-af67-fe1b3a36602a,2023-11-11,33,10,39.9,Dog Training Clicker,3.99,Training clicker for positive reinforcement,e73375e2-77eb-4f67-af67-fe1b3a36602a_20231010014918,41d8323d-38c4-4576-889e-bbc1fbdba032,Gabrielle,Blin,cas,0790680771,c2ff73e5-e229-45e7-bd19-969376aca506,2024-03-04,Dormir vivant parfois vendre plaire.
a823c2ad-4312-409f-809e-f99623f40fb7,Michelle,Guillet,michelle.guillet@gmail.com,0367103542,"avenue de Andre
93641 Guilbert-sur-Ribeiro",ad587961-c29a-4628-9e29-730bdc4030d9,Samson,Akita,68,Male,c1f1c878-27b3-4dc2-ba37-2af829402d0a,2023-11-20,25,6,119.94,Dog Backpack,19.99,Backpack for dogs to carry essentials on walks,c1f1c878-27b3-4dc2-ba37-2af829402d0a_20220308055931,d9568305-b2eb-4a66-ab65-9c110cd96c1f,Augustin,Grégoire,blanc,+33 (0)2 28 86 41 60,eb866f22-fe22-4569-a538-6086780354ab,2024-02-26,Sortir femme chambre profond réclamer solitude sourd pauvre.
a823c2ad-4312-409f-809e-f99623f40fb7,Michelle,Guillet,michelle.guillet@gmail.com,0367103542,"avenue de Andre
93641 Guilbert-sur-Ribeiro",ad587961-c29a-4628-9e29-730bdc4030d9,Samson,Akita,68,Male,c1f1c878-27b3-4dc2-ba37-2af829402d0a,2023-11-20,8,3,59.97,Puppy Training Pads,19.99,Absorbent training pads,c1f1c878-27b3-4dc2-ba37-2af829402d0a_20200928130435,d9568305-b2eb-4a66-ab65-9c110cd96c1f,Augustin,Grégoire,blanc,+33 (0)2 28 86 41 60,eb866f22-fe22-4569-a538-6086780354ab,2024-02-26,Sortir femme chambre profond réclamer solitude sourd pauvre.
a823c2ad-4312-409f-809e-f99623f40fb7,Michelle,Guillet,michelle.guillet@gmail.com,0367103542,"avenue de Andre
93641 Guilbert-sur-Ribeiro",ad587961-c29a-4628-9e29-730bdc4030d9,Samson,Akita,68,Male,c1f1c878-27b3-4dc2-ba37-2af829402d0a,2023-11-20,35,2,22.98,Dog Ear Cleaner,11.49,Gentle ear cleaner solution for dogs,c1f1c878-27b3-4dc2-ba37-2af829402d0a_20230515185742,d9568305-b2eb-4a66-ab65-9c110cd96c1f,Augustin,Grégoire,blanc,+33 (0)2 28 86 41 60,eb866f22-fe22-4569-a538-6086780354ab,2024-02-26,Sortir femme chambre profond réclamer solitude sourd pauvre.
bd0d13e3-acca-4f5c-9e2e-b61ec6b91167,Thomas,Aubry,thomas.aubry@gmail.com,+33 (0)5 46 63 29 52,"222, rue de Lefort
69436 Arnaud",bad4dcfa-9c54-4669-b703-9a40d8cfcf80,Phoebe,Australian Cattle Dog,46,Female,f42a9b16-6abc-4f54-8569-3ea88a747195,2023-11-21,22,5,57.45,Interactive Fetch Ball,11.49,Interactive ball for fetch games,f42a9b16-6abc-4f54-8569-3ea88a747195_20231116050741,8dfabc67-a4e7-489d-ba8d-a0ec87ef2ba1,Claudine,Regnier,absolument,02 85 94 39 93,44e10c2b-5d12-41ad-b28f-a6724ed1aab6,2024-02-24,Saluer paysage surprendre.
bd0d13e3-acca-4f5c-9e2e-b61ec6b91167,Thomas,Aubry,thomas.aubry@gmail.com,+33 (0)5 46 63 29 52,"222, rue de Lefort
69436 Arnaud",bad4dcfa-9c54-4669-b703-9a40d8cfcf80,Phoebe,Australian Cattle Dog,46,Female,f42a9b16-6abc-4f54-8569-3ea88a747195,2023-11-21,20,2,13.98,Dog Bandana,6.99,Stylish bandana for dogs,f42a9b16-6abc-4f54-8569-3ea88a747195_20221018230345,8dfabc67-a4e7-489d-ba8d-a0ec87ef2ba1,Claudine,Regnier,absolument,02 85 94 39 93,44e10c2b-5d12-41ad-b28f-a6724ed1aab6,2024-02-24,Saluer paysage surprendre.
bd0d13e3-acca-4f5c-9e2e-b61ec6b91167,Thomas,Aubry,thomas.aubry@gmail.com,+33 (0)5 46 63 29 52,"222, rue de Lefort
69436 Arnaud",bad4dcfa-9c54-4669-b703-9a40d8cfcf80,Phoebe,Australian Cattle Dog,46,Female,f42a9b16-6abc-4f54-8569-3ea88a747195,2023-11-21,3,8,319.92,Dog Bed,39.99,Comfortable dog bed,f42a9b16-6abc-4f54-8569-3ea88a747195_20220428095820,8dfabc67-a4e7-489d-ba8d-a0ec87ef2ba1,Claudine,Regnier,absolument,02 85 94 39 93,44e10c2b-5d12-41ad-b28f-a6724ed1aab6,2024-02-24,Saluer paysage surprendre.
01889648-504a-418e-bf26-7ccde751dd3d,Marguerite,Courtois,marguerite.courtois@outlook.com,03 87 50 15 04,"24, rue Noémi Dupuy
23351 Humbert",e1823c88-1b9a-4fc0-934c-80f514366d6c,Rufus,Boxer,91,Male,a04318f2-7c91-4a6b-a62a-cb54be92ba0a,2023-12-26,26,2,15.98,Dog Frisbee,7.99,Durable frisbee for outdoor play,a04318f2-7c91-4a6b-a62a-cb54be92ba0a_20230119154602,0eb6473e-a13e-4be4-ab55-7859b824a054,Inès,Georges,réduire,+33 (0)4 94 35 31 43,513b1588-35a0-4edd-a0ef-050025a72a4c,2024-02-29,Larme partir plein préparer contraire prononcer joue flamme.
01889648-504a-418e-bf26-7ccde751dd3d,Marguerite,Courtois,marguerite.courtois@outlook.com,03 87 50 15 04,"24, rue Noémi Dupuy
23351 Humbert",e1823c88-1b9a-4fc0-934c-80f514366d6c,Rufus,Boxer,91,Male,a04318f2-7c91-4a6b-a62a-cb54be92ba0a,2023-12-26,16,3,56.97,Reflective Dog Harness,18.99,Reflective harness for night walks,a04318f2-7c91-4a6b-a62a-cb54be92ba0a_20210619082327,0eb6473e-a13e-4be4-ab55-7859b824a054,Inès,Georges,réduire,+33 (0)4 94 35 31 43,513b1588-35a0-4edd-a0ef-050025a72a4c,2024-02-29,Larme partir plein préparer contraire prononcer joue flamme.
01889648-504a-418e-bf26-7ccde751dd3d,Marguerite,Courtois,marguerite.courtois@outlook.com,03 87 50 15 04,"24, rue Noémi Dupuy
23351 Humbert",e1823c88-1b9a-4fc0-934c-80f514366d6c,Rufus,Boxer,91,Male,a04318f2-7c91-4a6b-a62a-cb54be92ba0a,2023-12-26,5,1,7.49,Chew Bone,7.49,Natural chew bone,a04318f2-7c91-4a6b-a62a-cb54be92ba0a_20201022070852,0eb6473e-a13e-4be4-ab55-7859b824a054,Inès,Georges,réduire,+33 (0)4 94 35 31 43,513b1588-35a0-4edd-a0ef-050025a72a4c,2024-02-29,Larme partir plein préparer contraire prononcer joue flamme.
01889648-504a-418e-bf26-7ccde751dd3d,Marguerite,Courtois,marguerite.courtois@outlook.com,03 87 50 15 04,"24, rue Noémi Dupuy
23351 Humbert",e1823c88-1b9a-4fc0-934c-80f514366d6c,Rufus,Boxer,91,Male,a04318f2-7c91-4a6b-a62a-cb54be92ba0a,2023-12-26,14,5,59.95,Dog Dental Chews,11.99,Dental chews for oral health,a04318f2-7c91-4a6b-a62a-cb54be92ba0a_20211001112513,0eb6473e-a13e-4be4-ab55-7859b824a054,Inès,Georges,réduire,+33 (0)4 94 35 31 43,513b1588-35a0-4edd-a0ef-050025a72a4c,2024-02-29,Larme partir plein préparer contraire prononcer joue flamme.
51a91ad0-ca59-489b-aa77-5e8de4075fdf,Frédérique,Dupont,frédérique.dupont@gmail.com,+33 (0)5 64 03 39 11,"rue de Pires
79287 Rousset",003689e5-b136-45ac-b5b8-c0323f2e217e,Ollie,Boxer,98,Male,56f2d41d-d704-4f11-816f-beb7fe9dd3d7,2023-12-09,9,6,89.94,Dog Leash,14.99,Durable dog leash,56f2d41d-d704-4f11-816f-beb7fe9dd3d7_20220716222926,e3053f2f-9bea-4c83-bb60-7670b3d8c789,Jeannine,Moreno,étage,03 45 33 38 90,9e97d952-678d-4e72-b299-d350a8a36cc3,2024-02-11,Chasse éteindre an vers charge grand.
cbca7b55-b380-47e4-8c19-b21affb3490b,Franck,Gilles,franck.gilles@gmail.com,+33 (0)5 36 54 11 82,"5, rue de Coste
42470 Le Gall-sur-Grondin",a2abbcfe-1ca7-474f-869f-2aae1fef8967,Sugar,Yorkshire Terrier,48,Female,e730b080-6c91-45c7-ad9d-cc79e63ac46e,2023-11-23,25,2,39.98,Dog Backpack,19.99,Backpack for dogs to carry essentials on walks,e730b080-6c91-45c7-ad9d-cc79e63ac46e_20210525165754,536895b2-5cf3-42e6-88a2-44975b7555c5,Jules,Michel,aider,01 56 01 75 85,646df96e-26d6-41ff-bcc0-0354d3737e3b,2024-02-15,Rôle aujourd'hui centre accord.
d090be5d-e4b9-47f3-b25c-9ed02c71ed79,Alexandre,Marchand,alexandre.marchand@outlook.com,0146926707,"9, rue de Traore
27854 Sainte Isabelleboeuf",e1c20123-e297-4301-bc95-d1d1d9de6669,Princess,Akita,15,Female,fb28a133-0fb5-4d63-ab56-d5f687d6ff42,2024-01-25,20,7,48.93,Dog Bandana,6.99,Stylish bandana for dogs,fb28a133-0fb5-4d63-ab56-d5f687d6ff42_20220103154558,f8fd6909-d0b7-4df6-b65b-5e9033ab6bdc,Marianne,Berger,réfléchir,0532191527,1b9842e9-47b6-4e87-8505-b8e230ea9a64,2024-02-12,Entourer discours mine fatigue absence dur.
d090be5d-e4b9-47f3-b25c-9ed02c71ed79,Alexandre,Marchand,alexandre.marchand@outlook.com,0146926707,"9, rue de Traore
27854 Sainte Isabelleboeuf",e1c20123-e297-4301-bc95-d1d1d9de6669,Princess,Akita,15,Female,fb28a133-0fb5-4d63-ab56-d5f687d6ff42,2024-01-25,6,9,143.91,Dog Shampoo,15.99,Gentle dog shampoo,fb28a133-0fb5-4d63-ab56-d5f687d6ff42_20220325150556,f8fd6909-d0b7-4df6-b65b-5e9033ab6bdc,Marianne,Berger,réfléchir,0532191527,1b9842e9-47b6-4e87-8505-b8e230ea9a64,2024-02-12,Entourer discours mine fatigue absence dur.
d090be5d-e4b9-47f3-b25c-9ed02c71ed79,Alexandre,Marchand,alexandre.marchand@outlook.com,0146926707,"9, rue de Traore
27854 Sainte Isabelleboeuf",e1c20123-e297-4301-bc95-d1d1d9de6669,Princess,Akita,15,Female,fb28a133-0fb5-4d63-ab56-d5f687d6ff42,2024-01-25,13,4,119.96,Dog Grooming Kit,29.99,Complete grooming kit for dogs,fb28a133-0fb5-4d63-ab56-d5f687d6ff42_20211222193904,f8fd6909-d0b7-4df6-b65b-5e9033ab6bdc,Marianne,Berger,réfléchir,0532191527,1b9842e9-47b6-4e87-8505-b8e230ea9a64,2024-02-12,Entourer discours mine fatigue absence dur.
d090be5d-e4b9-47f3-b25c-9ed02c71ed79,Alexandre,Marchand,alexandre.marchand@outlook.com,0146926707,"9, rue de Traore
27854 Sainte Isabelleboeuf",e1c20123-e297-4301-bc95-d1d1d9de6669,Princess,Akita,15,Female,fb28a133-0fb5-4d63-ab56-d5f687d6ff42,2024-01-25,27,4,55.96,Dog Paw Balm,13.99,Moisturizing paw balm for dogs,fb28a133-0fb5-4d63-ab56-d5f687d6ff42_20230117004610,f8fd6909-d0b7-4df6-b65b-5e9033ab6bdc,Marianne,Berger,réfléchir,0532191527,1b9842e9-47b6-4e87-8505-b8e230ea9a64,2024-02-12,Entourer discours mine fatigue absence dur.
d090be5d-e4b9-47f3-b25c-9ed02c71ed79,Alexandre,Marchand,alexandre.marchand@outlook.com,0146926707,"9, rue de Traore
27854 Sainte Isabelleboeuf",e1c20123-e297-4301-bc95-d1d1d9de6669,Princess,Akita,15,Female,fb28a133-0fb5-4d63-ab56-d5f687d6ff42,2024-01-25,27,10,139.9,Dog Paw Balm,13.99,Moisturizing paw balm for dogs,fb28a133-0fb5-4d63-ab56-d5f687d6ff42_20230227021521,f8fd6909-d0b7-4df6-b65b-5e9033ab6bdc,Marianne,Berger,réfléchir,0532191527,1b9842e9-47b6-4e87-8505-b8e230ea9a64,2024-02-12,Entourer discours mine fatigue absence dur.
b30ff815-09e0-4169-8a2d-a5a5952f2bbd,Stéphane,Bourgeois,stéphane.bourgeois@outlook.com,0590853900,"12, boulevard Renée Monnier
45999 Gautier",9c4dff87-cb31-46f3-9d1f-5aed3988de65,Shadow,Siberian Husky,14,Female,b557def7-7cb5-4670-afda-4210bd6f9a3c,2023-10-31,22,2,22.98,Interactive Fetch Ball,11.49,Interactive ball for fetch games,b557def7-7cb5-4670-afda-4210bd6f9a3c_20230413122230,00fa8829-04f8-4e31-b049-ea0635afe03c,Joseph,Foucher,élever,0423073838,be1cdd10-38cd-4695-85cc-02d3889c158a,2024-03-02,Oreille supérieur poète cesser le annoncer.
b30ff815-09e0-4169-8a2d-a5a5952f2bbd,Stéphane,Bourgeois,stéphane.bourgeois@outlook.com,0590853900,"12, boulevard Renée Monnier
45999 Gautier",9c4dff87-cb31-46f3-9d1f-5aed3988de65,Shadow,Siberian Husky,14,Female,b557def7-7cb5-4670-afda-4210bd6f9a3c,2023-10-31,27,6,83.94,Dog Paw Balm,13.99,Moisturizing paw balm for dogs,b557def7-7cb5-4670-afda-4210bd6f9a3c_20200312210109,00fa8829-04f8-4e31-b049-ea0635afe03c,Joseph,Foucher,élever,0423073838,be1cdd10-38cd-4695-85cc-02d3889c158a,2024-03-02,Oreille supérieur poète cesser le annoncer.
b30ff815-09e0-4169-8a2d-a5a5952f2bbd,Stéphane,Bourgeois,stéphane.bourgeois@outlook.com,0590853900,"12, boulevard Renée Monnier
45999 Gautier",9c4dff87-cb31-46f3-9d1f-5aed3988de65,Shadow,Siberian Husky,14,Female,b557def7-7cb5-4670-afda-4210bd6f9a3c,2023-10-31,30,2,10.98,Dog Poop Bags,5.49,Biodegradable poop bags for easy cleanup,b557def7-7cb5-4670-afda-4210bd6f9a3c_20211129111455,00fa8829-04f8-4e31-b049-ea0635afe03c,Joseph,Foucher,élever,0423073838,be1cdd10-38cd-4695-85cc-02d3889c158a,2024-03-02,Oreille supérieur poète cesser le annoncer.
b30ff815-09e0-4169-8a2d-a5a5952f2bbd,Stéphane,Bourgeois,stéphane.bourgeois@outlook.com,0590853900,"12, boulevard Renée Monnier
45999 Gautier",9c4dff87-cb31-46f3-9d1f-5aed3988de65,Shadow,Siberian Husky,14,Female,b557def7-7cb5-4670-afda-4210bd6f9a3c,2023-10-31,21,6,77.94,Portable Dog Water Bottle,12.99,Convenient water bottle for dogs on the go,b557def7-7cb5-4670-afda-4210bd6f9a3c_20200603084006,00fa8829-04f8-4e31-b049-ea0635afe03c,Joseph,Foucher,élever,0423073838,be1cdd10-38cd-4695-85cc-02d3889c158a,2024-03-02,Oreille supérieur poète cesser le annoncer.
ee9380b4-b670-411b-80e3-7290d57a47a3,Agnès,Guillaume,agnès.guillaume@outlook.com,0352700391,"13, avenue de Fouquet
73616 Parent",ccef7a10-ff32-4fb3-b91f-5157b8f62c91,Harley,Chihuahua,114,Male,f2bb5767-2ea2-4b21-ab6e-6a1f9a01f78c,2023-10-26,17,2,49.98,Dog Raincoat,24.99,Water-resistant dog raincoat,f2bb5767-2ea2-4b21-ab6e-6a1f9a01f78c_20210414142945,ea267f07-0214-4c10-b576-545ed534245e,Tristan,Leclercq,mieux,+33 (0)4 27 01 64 47,c0e376eb-00b8-48de-960f-5e6eab8f9e39,2024-02-20,Drame voyage chacun avoir temps essuyer.
ee9380b4-b670-411b-80e3-7290d57a47a3,Agnès,Guillaume,agnès.guillaume@outlook.com,0352700391,"13, avenue de Fouquet
73616 Parent",ccef7a10-ff32-4fb3-b91f-5157b8f62c91,Harley,Chihuahua,114,Male,f2bb5767-2ea2-4b21-ab6e-6a1f9a01f78c,2023-10-26,16,1,18.99,Reflective Dog Harness,18.99,Reflective harness for night walks,f2bb5767-2ea2-4b21-ab6e-6a1f9a01f78c_20210622232428,ea267f07-0214-4c10-b576-545ed534245e,Tristan,Leclercq,mieux,+33 (0)4 27 01 64 47,c0e376eb-00b8-48de-960f-5e6eab8f9e39,2024-02-20,Drame voyage chacun avoir temps essuyer.
ee9380b4-b670-411b-80e3-7290d57a47a3,Agnès,Guillaume,agnès.guillaume@outlook.com,0352700391,"13, avenue de Fouquet
73616 Parent",ccef7a10-ff32-4fb3-b91f-5157b8f62c91,Harley,Chihuahua,114,Male,f2bb5767-2ea2-4b21-ab6e-6a1f9a01f78c,2023-10-26,10,1,5.99,Dog Treats,5.99,Tasty dog treats,f2bb5767-2ea2-4b21-ab6e-6a1f9a01f78c_20220706165323,ea267f07-0214-4c10-b576-545ed534245e,Tristan,Leclercq,mieux,+33 (0)4 27 01 64 47,c0e376eb-00b8-48de-960f-5e6eab8f9e39,2024-02-20,Drame voyage chacun avoir temps essuyer.
05f96256-d824-4c7f-b791-4486c5b4fc06,Luc,Millet,luc.millet@gmail.com,+33 (0)3 45 97 56 93,"2, rue Sylvie Seguin
35623 Chauveau-sur-Pelletier",b5f22ee6-81d9-4cc6-b730-fb26e4f235fa,Sam,Australian Shepherd,54,Male,15b7251b-4e8e-46b3-996f-fbc2b1746441,2023-11-20,30,7,38.43,Dog Poop Bags,5.49,Biodegradable poop bags for easy cleanup,15b7251b-4e8e-46b3-996f-fbc2b1746441_20211128150200,cde73264-1a50-4879-aa8d-c3951380a94b,Olivie,Humbert,distinguer,0783786644,7908a81e-f59c-4a7e-9743-7e17275a1964,2024-02-21,Entraîner de présent île patron.
05f96256-d824-4c7f-b791-4486c5b4fc06,Luc,Millet,luc.millet@gmail.com,+33 (0)3 45 97 56 93,"2, rue Sylvie Seguin
35623 Chauveau-sur-Pelletier",b5f22ee6-81d9-4cc6-b730-fb26e4f235fa,Sam,Australian Shepherd,54,Male,15b7251b-4e8e-46b3-996f-fbc2b1746441,2023-11-20,2,8,79.92,Dog Toy,9.99,Interactive dog toy,15b7251b-4e8e-46b3-996f-fbc2b1746441_20201226035945,cde73264-1a50-4879-aa8d-c3951380a94b,Olivie,Humbert,distinguer,0783786644,7908a81e-f59c-4a7e-9743-7e17275a1964,2024-02-21,Entraîner de présent île patron.
a1d7c1ba-18c3-4ab1-8f0d-b9a720e75642,Antoinette,Blin,antoinette.blin@gmail.com,0322544331,"958, chemin de Collet
42274 Lacroixboeuf",c5b03b24-2701-42a1-8a79-3dc5c614bb9c,Roscoe,Doberman Pinscher,11,Male,9679f732-60bb-46b9-9706-17af7324d74d,2024-01-23,5,6,44.94,Chew Bone,7.49,Natural chew bone,9679f732-60bb-46b9-9706-17af7324d74d_20210213212237,dc94887a-58b7-432e-86af-f361d936f42c,Nathalie,Dupont,mode,05 65 13 06 30,694cc368-5c75-4fab-a08e-531125d084aa,2024-02-14,Vers valeur lire sérieux prière grave prier mener.
a1d7c1ba-18c3-4ab1-8f0d-b9a720e75642,Antoinette,Blin,antoinette.blin@gmail.com,0322544331,"958, chemin de Collet
42274 Lacroixboeuf",c5b03b24-2701-42a1-8a79-3dc5c614bb9c,Roscoe,Doberman Pinscher,11,Male,9679f732-60bb-46b9-9706-17af7324d74d,2024-01-23,32,10,229.9,Dog Cooling Mat,22.99,Cooling mat for hot days,9679f732-60bb-46b9-9706-17af7324d74d_20210904054717,dc94887a-58b7-432e-86af-f361d936f42c,Nathalie,Dupont,mode,05 65 13 06 30,694cc368-5c75-4fab-a08e-531125d084aa,2024-02-14,Vers valeur lire sérieux prière grave prier mener.
a1d7c1ba-18c3-4ab1-8f0d-b9a720e75642,Antoinette,Blin,antoinette.blin@gmail.com,0322544331,"958, chemin de Collet
42274 Lacroixboeuf",c5b03b24-2701-42a1-8a79-3dc5c614bb9c,Roscoe,Doberman Pinscher,11,Male,9679f732-60bb-46b9-9706-17af7324d74d,2024-01-23,32,10,229.9,Dog Cooling Mat,22.99,Cooling mat for hot days,9679f732-60bb-46b9-9706-17af7324d74d_20220227153607,dc94887a-58b7-432e-86af-f361d936f42c,Nathalie,Dupont,mode,05 65 13 06 30,694cc368-5c75-4fab-a08e-531125d084aa,2024-02-14,Vers valeur lire sérieux prière grave prier mener.
0b41b61b-8008-40b3-9a39-9d41db7f5d39,Adrien,Masse,adrien.masse@gmail.com,+33 4 34 93 95 17,"77, rue Jérôme Chauvin
39842 Ponsboeuf",3bc32661-e687-42f7-beaf-57c6a0f55d45,Sugar,Australian Shepherd,102,Female,f978de1d-d67e-4036-bc47-aa5b4e3381b3,2023-12-13,15,3,149.97,Dog GPS Tracker,49.99,GPS tracker for dogs,f978de1d-d67e-4036-bc47-aa5b4e3381b3_20201011132945,ed79b0dd-143c-4f7f-831f-86948f850c01,Guy,Morvan,étendue,+33 5 47 11 53 72,9742114b-7438-4e1f-b97f-715bf6016d05,2024-03-02,Effacer rien perte ramasser.
0b41b61b-8008-40b3-9a39-9d41db7f5d39,Adrien,Masse,adrien.masse@gmail.com,+33 4 34 93 95 17,"77, rue Jérôme Chauvin
39842 Ponsboeuf",3bc32661-e687-42f7-beaf-57c6a0f55d45,Sugar,Australian Shepherd,102,Female,f978de1d-d67e-4036-bc47-aa5b4e3381b3,2023-12-13,3,8,319.92,Dog Bed,39.99,Comfortable dog bed,f978de1d-d67e-4036-bc47-aa5b4e3381b3_20200908050740,ed79b0dd-143c-4f7f-831f-86948f850c01,Guy,Morvan,étendue,+33 5 47 11 53 72,9742114b-7438-4e1f-b97f-715bf6016d05,2024-03-02,Effacer rien perte ramasser.
0b41b61b-8008-40b3-9a39-9d41db7f5d39,Adrien,Masse,adrien.masse@gmail.com,+33 4 34 93 95 17,"77, rue Jérôme Chauvin
39842 Ponsboeuf",3bc32661-e687-42f7-beaf-57c6a0f55d45,Sugar,Australian Shepherd,102,Female,f978de1d-d67e-4036-bc47-aa5b4e3381b3,2023-12-13,3,1,39.99,Dog Bed,39.99,Comfortable dog bed,f978de1d-d67e-4036-bc47-aa5b4e3381b3_20200825185633,ed79b0dd-143c-4f7f-831f-86948f850c01,Guy,Morvan,étendue,+33 5 47 11 53 72,9742114b-7438-4e1f-b97f-715bf6016d05,2024-03-02,Effacer rien perte ramasser.
0b41b61b-8008-40b3-9a39-9d41db7f5d39,Adrien,Masse,adrien.masse@gmail.com,+33 4 34 93 95 17,"77, rue Jérôme Chauvin
39842 Ponsboeuf",3bc32661-e687-42f7-beaf-57c6a0f55d45,Sugar,Australian Shepherd,102,Female,f978de1d-d67e-4036-bc47-aa5b4e3381b3,2023-12-13,14,8,95.92,Dog Dental Chews,11.99,Dental chews for oral health,f978de1d-d67e-4036-bc47-aa5b4e3381b3_20201104143845,ed79b0dd-143c-4f7f-831f-86948f850c01,Guy,Morvan,étendue,+33 5 47 11 53 72,9742114b-7438-4e1f-b97f-715bf6016d05,2024-03-02,Effacer rien perte ramasser.
0b41b61b-8008-40b3-9a39-9d41db7f5d39,Adrien,Masse,adrien.masse@gmail.com,+33 4 34 93 95 17,"77, rue Jérôme Chauvin
39842 Ponsboeuf",3bc32661-e687-42f7-beaf-57c6a0f55d45,Sugar,Australian Shepherd,102,Female,f978de1d-d67e-4036-bc47-aa5b4e3381b3,2023-12-13,32,4,91.96,Dog Cooling Mat,22.99,Cooling mat for hot days,f978de1d-d67e-4036-bc47-aa5b4e3381b3_20210111114055,ed79b0dd-143c-4f7f-831f-86948f850c01,Guy,Morvan,étendue,+33 5 47 11 53 72,9742114b-7438-4e1f-b97f-715bf6016d05,2024-03-02,Effacer rien perte ramasser.
0975d54b-663c-4a36-beec-1023ac708ddf,Philippe,Foucher,philippe.foucher@gmail.com,02 38 53 54 46,"86, chemin de Dijoux
61365 Gonzalez-les-Bains",b3d16c45-93f8-444f-9e85-4b9422d8dd17,Finn,Bulldog,66,Male,eea1e1ad-ad34-4d90-b81a-0677ff0e60f2,2023-11-14,6,7,111.93,Dog Shampoo,15.99,Gentle dog shampoo,eea1e1ad-ad34-4d90-b81a-0677ff0e60f2_20221217170348,92d27975-cb5b-4fc4-a0d7-b80967ec94eb,Danielle,Blanchard,voisin,+33 (0)2 90 61 70 85,e44f7bb7-ef17-4a44-bdc7-2325d88fb519,2024-02-17,D'Autres dépasser ouvrage sentiment nombre herbe livrer.
b852fc7a-fd12-476f-82b7-f8d2d797ef6d,Henri,Leroy,henri.leroy@gmail.com,0546088581,"boulevard de Raynaud
97324 Guichard",e6086fa9-fe7f-475e-a181-dc1167ef5b48,Bear,Pomeranian,31,Male,e084a084-8463-4194-b76a-535617c69ebc,2023-11-22,22,9,103.41,Interactive Fetch Ball,11.49,Interactive ball for fetch games,e084a084-8463-4194-b76a-535617c69ebc_20230419121001,1db2d1cb-8a79-46b1-8ea9-7a91385f22c8,Aurélie,Martinez,souffrance,+33 (0)3 69 24 53 78,da2c5c7e-4758-4fef-9134-4c8a9beb2329,2024-02-12,Fumée général risquer siècle beau.
b852fc7a-fd12-476f-82b7-f8d2d797ef6d,Henri,Leroy,henri.leroy@gmail.com,0546088581,"boulevard de Raynaud
97324 Guichard",e6086fa9-fe7f-475e-a181-dc1167ef5b48,Bear,Pomeranian,31,Male,e084a084-8463-4194-b76a-535617c69ebc,2023-11-22,22,3,34.47,Interactive Fetch Ball,11.49,Interactive ball for fetch games,e084a084-8463-4194-b76a-535617c69ebc_20210825162904,1db2d1cb-8a79-46b1-8ea9-7a91385f22c8,Aurélie,Martinez,souffrance,+33 (0)3 69 24 53 78,da2c5c7e-4758-4fef-9134-4c8a9beb2329,2024-02-12,Fumée général risquer siècle beau.
b852fc7a-fd12-476f-82b7-f8d2d797ef6d,Henri,Leroy,henri.leroy@gmail.com,0546088581,"boulevard de Raynaud
97324 Guichard",e6086fa9-fe7f-475e-a181-dc1167ef5b48,Bear,Pomeranian,31,Male,e084a084-8463-4194-b76a-535617c69ebc,2023-11-22,21,4,51.96,Portable Dog Water Bottle,12.99,Convenient water bottle for dogs on the go,e084a084-8463-4194-b76a-535617c69ebc_20201024130557,1db2d1cb-8a79-46b1-8ea9-7a91385f22c8,Aurélie,Martinez,souffrance,+33 (0)3 69 24 53 78,da2c5c7e-4758-4fef-9134-4c8a9beb2329,2024-02-12,Fumée général risquer siècle beau.
b852fc7a-fd12-476f-82b7-f8d2d797ef6d,Henri,Leroy,henri.leroy@gmail.com,0546088581,"boulevard de Raynaud
97324 Guichard",e6086fa9-fe7f-475e-a181-dc1167ef5b48,Bear,Pomeranian,31,Male,e084a084-8463-4194-b76a-535617c69ebc,2023-11-22,34,2,18.98,Dog Tug Toy,9.49,Interactive tug-of-war toy for dogs,e084a084-8463-4194-b76a-535617c69ebc_20200714232742,1db2d1cb-8a79-46b1-8ea9-7a91385f22c8,Aurélie,Martinez,souffrance,+33 (0)3 69 24 53 78,da2c5c7e-4758-4fef-9134-4c8a9beb2329,2024-02-12,Fumée général risquer siècle beau.
b852fc7a-fd12-476f-82b7-f8d2d797ef6d,Henri,Leroy,henri.leroy@gmail.com,0546088581,"boulevard de Raynaud
97324 Guichard",e6086fa9-fe7f-475e-a181-dc1167ef5b48,Bear,Pomeranian,31,Male,e084a084-8463-4194-b76a-535617c69ebc,2023-11-22,20,9,62.91,Dog Bandana,6.99,Stylish bandana for dogs,e084a084-8463-4194-b76a-535617c69ebc_20230202122300,1db2d1cb-8a79-46b1-8ea9-7a91385f22c8,Aurélie,Martinez,souffrance,+33 (0)3 69 24 53 78,da2c5c7e-4758-4fef-9134-4c8a9beb2329,2024-02-12,Fumée général risquer siècle beau.
